"hosps_0_39","hosps_40_49","hosps_50_59","hosps_60_69","hosps_70_plus","deaths_0_39","deaths_40_49","deaths_50_59","deaths_60_69","deaths_70_plus","cases_0_9","cases_10_19","cases_20_29","cases_30_39","cases_40_49","cases_50_59","cases_60_69","cases_70_plus","sero_pos_1_20_29","sero_pos_1_30_39","sero_pos_1_40_49","sero_pos_1_50_59","sero_pos_1_60_69","sero_pos_1_70_plus","sero_tot_1_20_29","sero_tot_1_30_39","sero_tot_1_40_49","sero_tot_1_50_59","sero_tot_1_60_69","sero_tot_1_70_plus","strain_tot","strain_non_variant","tot","pos","day","hosps","deaths","cases","sero_pos_1","sero_tot_1"
0,0,0,0,0,0,0,0,0,0,0,0,0,0,0,0,0,0,NA,NA,NA,NA,NA,NA,NA,NA,NA,NA,NA,NA,NA,NA,NA,NA,195,0,0,0,NA,NA
0,0,0,0,0,0,0,0,0,0,0,0,0,0,0,0,0,0,NA,NA,NA,NA,NA,NA,NA,NA,NA,NA,NA,NA,NA,NA,NA,NA,196,0,0,0,NA,NA
0,0,0,0,0,0,0,0,0,0,0,0,0,0,0,0,0,0,NA,NA,NA,NA,NA,NA,NA,NA,NA,NA,NA,NA,NA,NA,NA,NA,197,0,0,0,NA,NA
0,0,0,0,0,0,0,0,0,0,0,0,0,0,0,0,0,0,NA,NA,NA,NA,NA,NA,NA,NA,NA,NA,NA,NA,NA,NA,NA,NA,198,0,0,0,NA,NA
0,0,0,0,0,0,0,0,0,0,0,0,0,0,0,0,0,0,NA,NA,NA,NA,NA,NA,NA,NA,NA,NA,NA,NA,NA,NA,NA,NA,199,0,0,0,NA,NA
0,0,0,0,0,0,0,0,0,0,0,0,0,0,0,0,0,0,NA,NA,NA,NA,NA,NA,NA,NA,NA,NA,NA,NA,NA,NA,NA,NA,200,0,0,0,NA,NA
0,0,0,0,0,0,0,0,0,0,0,0,0,0,0,0,0,0,NA,NA,NA,NA,NA,NA,NA,NA,NA,NA,NA,NA,NA,NA,NA,NA,201,0,0,0,NA,NA
0,0,0,0,0,0,0,0,0,0,0,0,0,0,0,0,0,0,NA,NA,NA,NA,NA,NA,NA,NA,NA,NA,NA,NA,NA,NA,NA,NA,202,0,0,0,NA,NA
0,0,0,0,0,0,0,0,0,0,0,0,0,0,0,0,0,0,NA,NA,NA,NA,NA,NA,NA,NA,NA,NA,NA,NA,NA,NA,NA,NA,203,0,0,0,NA,NA
0,0,0,0,0,0,0,0,0,0,0,0,0,0,0,0,0,0,NA,NA,NA,NA,NA,NA,NA,NA,NA,NA,NA,NA,NA,NA,NA,NA,204,0,0,0,NA,NA
0,0,0,0,0,0,0,0,0,0,0,0,0,0,0,0,0,0,NA,NA,NA,NA,NA,NA,NA,NA,NA,NA,NA,NA,NA,NA,NA,NA,205,0,0,0,NA,NA
0,0,0,0,0,0,0,0,0,0,0,0,0,0,0,0,0,0,NA,NA,NA,NA,NA,NA,NA,NA,NA,NA,NA,NA,NA,NA,NA,NA,206,0,0,0,NA,NA
0,0,0,0,0,0,0,0,0,0,0,0,0,0,0,0,0,0,NA,NA,NA,NA,NA,NA,NA,NA,NA,NA,NA,NA,NA,NA,NA,NA,207,0,0,0,NA,NA
0,0,0,0,0,0,0,0,0,0,0,0,0,0,0,0,0,0,NA,NA,NA,NA,NA,NA,NA,NA,NA,NA,NA,NA,NA,NA,NA,NA,208,0,0,0,NA,NA
0,0,0,0,0,0,0,0,0,0,0,0,0,0,0,0,0,0,NA,NA,NA,NA,NA,NA,NA,NA,NA,NA,NA,NA,NA,NA,NA,NA,209,0,0,0,NA,NA
0,0,0,0,0,0,0,0,0,0,0,0,0,0,0,0,0,0,NA,NA,NA,NA,NA,NA,NA,NA,NA,NA,NA,NA,NA,NA,NA,NA,210,0,0,0,NA,NA
0,0,0,0,0,0,0,0,0,0,0,0,0,0,0,0,0,0,NA,NA,NA,NA,NA,NA,NA,NA,NA,NA,NA,NA,NA,NA,NA,NA,211,0,0,0,NA,NA
0,0,0,0,0,0,0,0,0,0,0,0,0,0,0,0,0,0,NA,NA,NA,NA,NA,NA,NA,NA,NA,NA,NA,NA,NA,NA,NA,NA,212,0,0,0,NA,NA
0,0,0,0,0,0,0,0,0,0,0,0,0,0,0,0,0,0,NA,NA,NA,NA,NA,NA,NA,NA,NA,NA,NA,NA,NA,NA,NA,NA,213,0,0,0,NA,NA
0,0,0,0,0,0,0,0,0,0,0,0,1,0,0,0,0,0,NA,NA,NA,NA,NA,NA,NA,NA,NA,NA,NA,NA,NA,NA,NA,NA,214,0,0,1,NA,NA
0,0,0,0,0,0,0,0,0,0,0,0,0,0,0,0,0,0,NA,NA,NA,NA,NA,NA,NA,NA,NA,NA,NA,NA,NA,NA,NA,NA,215,0,0,0,NA,NA
0,0,0,0,0,0,0,0,0,0,0,0,1,0,0,0,0,0,NA,NA,NA,NA,NA,NA,NA,NA,NA,NA,NA,NA,NA,NA,NA,NA,216,0,0,1,NA,NA
0,0,0,0,0,0,0,0,0,0,0,0,0,0,0,0,0,0,NA,NA,NA,NA,NA,NA,NA,NA,NA,NA,NA,NA,NA,NA,NA,NA,217,0,0,0,NA,NA
0,0,0,0,0,0,0,0,0,0,0,0,0,0,0,1,2,0,NA,NA,NA,NA,NA,NA,NA,NA,NA,NA,NA,NA,NA,NA,NA,NA,218,0,0,3,NA,NA
0,0,0,0,0,0,0,0,0,0,0,0,0,1,0,1,0,0,NA,NA,NA,NA,NA,NA,NA,NA,NA,NA,NA,NA,NA,NA,NA,NA,219,0,0,2,NA,NA
0,0,0,0,0,0,0,0,0,0,1,0,0,3,3,1,1,0,NA,NA,NA,NA,NA,NA,NA,NA,NA,NA,NA,NA,NA,NA,NA,NA,220,0,0,9,NA,NA
0,0,0,0,0,0,0,0,0,0,0,0,5,3,1,3,1,0,NA,NA,NA,NA,NA,NA,NA,NA,NA,NA,NA,NA,NA,NA,NA,NA,221,0,0,13,NA,NA
0,0,0,1,0,0,0,0,0,0,0,2,10,17,7,6,1,0,NA,NA,NA,NA,NA,NA,NA,NA,NA,NA,NA,NA,NA,NA,NA,NA,222,1,0,43,NA,NA
0,0,0,0,0,0,0,0,0,0,0,1,3,0,4,0,0,0,NA,NA,NA,NA,NA,NA,NA,NA,NA,NA,NA,NA,NA,NA,NA,NA,223,0,0,8,NA,NA
1,0,0,0,0,0,0,0,0,0,0,1,0,2,5,4,3,1,NA,NA,NA,NA,NA,NA,NA,NA,NA,NA,NA,NA,NA,NA,NA,NA,224,1,0,16,NA,NA
0,0,0,0,0,0,0,0,0,0,2,0,2,3,0,0,0,1,NA,NA,NA,NA,NA,NA,NA,NA,NA,NA,NA,NA,NA,NA,NA,NA,225,0,0,8,NA,NA
0,1,1,0,0,0,0,0,0,0,3,0,2,7,2,6,0,0,NA,NA,NA,NA,NA,NA,NA,NA,NA,NA,NA,NA,NA,NA,NA,NA,226,2,0,20,NA,NA
0,0,0,0,0,0,0,0,0,0,0,2,3,3,1,2,1,0,NA,NA,NA,NA,NA,NA,NA,NA,NA,NA,NA,NA,NA,NA,NA,NA,227,0,0,12,NA,NA
0,0,0,2,0,0,0,0,0,0,0,2,4,2,2,3,1,0,NA,NA,NA,NA,NA,NA,NA,NA,NA,NA,NA,NA,NA,NA,NA,NA,228,2,0,14,NA,NA
0,0,0,0,0,0,0,0,0,0,2,1,2,2,1,0,2,0,NA,NA,NA,NA,NA,NA,NA,NA,NA,NA,NA,NA,NA,NA,NA,NA,229,0,0,10,NA,NA
1,0,1,0,0,0,0,0,0,0,1,1,5,7,2,1,2,0,NA,NA,NA,NA,NA,NA,NA,NA,NA,NA,NA,NA,NA,NA,NA,NA,230,2,0,19,NA,NA
0,0,0,0,0,0,0,0,0,0,3,0,11,14,4,2,0,0,NA,NA,NA,NA,NA,NA,NA,NA,NA,NA,NA,NA,NA,NA,NA,NA,231,0,0,34,NA,NA
0,0,0,0,1,0,0,0,0,0,3,3,5,4,3,0,2,1,NA,NA,NA,NA,NA,NA,NA,NA,NA,NA,NA,NA,NA,NA,NA,NA,232,1,0,21,NA,NA
1,0,0,0,0,0,0,0,0,0,1,2,6,4,6,2,1,0,NA,NA,NA,NA,NA,NA,NA,NA,NA,NA,NA,NA,NA,NA,NA,NA,233,1,0,22,NA,NA
0,0,1,0,0,0,0,0,0,0,1,3,3,6,6,3,0,0,NA,NA,NA,NA,NA,NA,NA,NA,NA,NA,NA,NA,NA,NA,NA,NA,234,1,0,22,NA,NA
0,1,0,0,0,0,0,0,0,0,2,1,5,4,14,3,1,1,NA,NA,NA,NA,NA,NA,NA,NA,NA,NA,NA,NA,NA,NA,NA,NA,235,1,0,31,NA,NA
0,0,0,0,1,0,0,0,0,0,5,1,5,2,5,0,2,1,NA,NA,NA,NA,NA,NA,NA,NA,NA,NA,NA,NA,NA,NA,NA,NA,236,1,0,21,NA,NA
0,0,1,0,0,0,0,0,0,0,1,5,4,9,3,3,0,0,NA,NA,NA,NA,NA,NA,NA,NA,NA,NA,NA,NA,NA,NA,NA,NA,237,1,0,25,NA,NA
0,0,0,0,1,0,0,0,0,0,2,2,8,10,5,2,3,1,NA,NA,NA,NA,NA,NA,NA,NA,NA,NA,NA,NA,NA,NA,NA,NA,238,1,0,33,NA,NA
1,0,0,2,0,0,0,0,0,0,2,1,4,6,8,5,4,3,NA,NA,NA,NA,NA,NA,NA,NA,NA,NA,NA,NA,NA,NA,NA,NA,239,3,0,33,NA,NA
0,1,0,1,0,0,0,0,0,0,4,6,4,15,9,7,1,0,NA,NA,NA,NA,NA,NA,NA,NA,NA,NA,NA,NA,NA,NA,NA,NA,240,2,0,46,NA,NA
0,0,2,0,0,0,0,0,0,0,2,2,5,11,2,4,4,1,NA,NA,NA,NA,NA,NA,NA,NA,NA,NA,NA,NA,NA,NA,NA,NA,241,2,0,31,NA,NA
0,0,0,0,0,0,0,0,0,0,0,3,1,4,3,1,2,0,NA,NA,NA,NA,NA,NA,NA,NA,NA,NA,NA,NA,NA,NA,NA,NA,242,0,0,14,NA,NA
0,3,0,1,0,0,0,0,0,0,0,2,0,8,5,6,1,0,NA,NA,NA,NA,NA,NA,NA,NA,NA,NA,NA,NA,NA,NA,NA,NA,243,4,0,22,NA,NA
1,0,1,0,0,0,0,0,0,0,7,2,8,15,1,6,0,0,NA,NA,NA,NA,NA,NA,NA,NA,NA,NA,NA,NA,NA,NA,NA,NA,244,2,0,39,NA,NA
0,1,0,0,1,0,0,0,0,0,2,5,4,8,6,3,2,1,NA,NA,NA,NA,NA,NA,NA,NA,NA,NA,NA,NA,NA,NA,NA,NA,245,2,0,31,NA,NA
0,0,0,1,0,0,0,0,0,0,1,7,4,6,6,3,1,2,NA,NA,NA,NA,NA,NA,NA,NA,NA,NA,NA,NA,NA,NA,NA,NA,246,1,0,30,NA,NA
1,0,0,0,1,0,0,0,0,0,4,2,5,6,6,4,0,1,NA,NA,NA,NA,NA,NA,NA,NA,NA,NA,NA,NA,NA,NA,NA,NA,247,2,0,28,NA,NA
0,0,1,0,0,0,0,0,0,0,5,13,5,10,4,8,2,0,NA,NA,NA,NA,NA,NA,NA,NA,NA,NA,NA,NA,NA,NA,NA,NA,248,1,0,47,NA,NA
0,0,0,0,1,0,0,0,0,0,2,3,4,7,3,1,4,1,NA,NA,NA,NA,NA,NA,NA,NA,NA,NA,NA,NA,NA,NA,NA,NA,249,1,0,25,NA,NA
1,0,0,0,0,0,0,0,0,0,3,3,7,11,3,4,1,1,NA,NA,NA,NA,NA,NA,NA,NA,NA,NA,NA,NA,NA,NA,NA,NA,250,1,0,33,NA,NA
0,1,1,0,0,0,0,0,0,0,5,5,10,12,7,2,0,0,NA,NA,NA,NA,NA,NA,NA,NA,NA,NA,NA,NA,NA,NA,NA,NA,251,2,0,41,NA,NA
0,0,0,0,0,0,0,0,0,0,6,20,28,16,17,15,6,7,NA,NA,NA,NA,NA,NA,NA,NA,NA,NA,NA,NA,NA,NA,NA,NA,252,0,0,115,NA,NA
0,0,1,0,0,0,0,0,0,0,2,8,3,20,7,9,2,1,NA,NA,NA,NA,NA,NA,NA,NA,NA,NA,NA,NA,NA,NA,NA,NA,253,1,0,52,NA,NA
0,0,0,0,2,0,0,0,0,1,0,5,3,3,8,1,2,0,NA,NA,NA,NA,NA,NA,NA,NA,NA,NA,NA,NA,NA,NA,NA,NA,254,2,1,22,NA,NA
0,1,1,1,1,0,0,0,0,1,3,20,11,13,14,8,6,6,NA,NA,NA,NA,NA,NA,NA,NA,NA,NA,NA,NA,NA,NA,NA,NA,255,4,1,81,NA,NA
1,0,0,0,0,0,0,0,0,0,2,4,7,2,5,5,2,1,NA,NA,NA,NA,NA,NA,NA,NA,NA,NA,NA,NA,NA,NA,NA,NA,256,1,0,28,NA,NA
1,1,1,1,1,0,0,0,0,0,0,1,4,3,2,1,0,0,NA,NA,NA,NA,NA,NA,NA,NA,NA,NA,NA,NA,NA,NA,NA,NA,257,5,0,11,NA,NA
1,1,0,0,1,0,0,0,0,0,4,8,8,12,7,3,0,1,NA,NA,NA,NA,NA,NA,NA,NA,NA,NA,NA,NA,NA,NA,NA,NA,258,3,0,43,NA,NA
0,0,1,0,0,0,0,0,0,0,0,4,5,2,6,5,4,0,NA,NA,NA,NA,NA,NA,NA,NA,NA,NA,NA,NA,NA,NA,NA,NA,259,1,0,26,NA,NA
1,0,0,3,0,0,0,0,0,0,0,4,8,8,9,9,2,2,NA,NA,NA,NA,NA,NA,NA,NA,NA,NA,NA,NA,NA,NA,NA,NA,260,4,0,42,NA,NA
1,0,1,2,2,0,0,0,0,0,2,1,3,7,9,7,2,4,NA,NA,NA,NA,NA,NA,NA,NA,NA,NA,NA,NA,NA,NA,NA,NA,261,6,0,35,NA,NA
2,0,1,0,0,0,0,0,0,0,0,5,4,8,10,8,1,2,NA,NA,NA,NA,NA,NA,NA,NA,NA,NA,NA,NA,NA,NA,NA,NA,262,3,0,38,NA,NA
1,0,2,5,0,0,0,0,0,0,0,2,6,10,13,6,10,0,NA,NA,NA,NA,NA,NA,NA,NA,NA,NA,NA,NA,NA,NA,NA,NA,263,8,0,47,NA,NA
0,0,0,0,0,0,0,0,0,0,0,0,3,4,2,4,0,0,NA,NA,NA,NA,NA,NA,NA,NA,NA,NA,NA,NA,NA,NA,NA,NA,264,0,0,13,NA,NA
0,1,2,3,1,0,0,0,1,2,0,4,10,9,12,15,5,4,NA,NA,NA,NA,NA,NA,NA,NA,NA,NA,NA,NA,NA,NA,NA,NA,265,7,3,59,NA,NA
0,0,1,0,0,0,0,0,0,0,2,1,4,13,9,8,4,3,NA,NA,NA,NA,NA,NA,NA,NA,NA,NA,NA,NA,NA,NA,NA,NA,266,1,0,44,NA,NA
1,1,1,1,0,0,0,0,0,0,3,9,11,12,13,11,3,3,NA,NA,NA,NA,NA,NA,NA,NA,NA,NA,NA,NA,NA,NA,NA,NA,267,4,0,65,NA,NA
0,0,0,2,4,0,0,0,0,1,0,4,21,11,10,7,9,2,NA,NA,NA,NA,NA,NA,NA,NA,NA,NA,NA,NA,NA,NA,NA,NA,268,6,1,64,NA,NA
1,0,1,0,1,0,0,0,0,0,1,7,12,18,10,10,3,0,NA,NA,NA,NA,NA,NA,NA,NA,NA,NA,NA,NA,NA,NA,NA,NA,269,3,0,61,NA,NA
0,1,0,1,0,0,0,0,0,0,0,2,10,13,12,14,7,0,NA,NA,NA,NA,NA,NA,NA,NA,NA,NA,NA,NA,NA,NA,NA,NA,270,2,0,58,NA,NA
2,0,2,0,0,0,0,0,0,0,1,0,4,2,1,1,2,0,NA,NA,NA,NA,NA,NA,NA,NA,NA,NA,NA,NA,NA,NA,NA,NA,271,4,0,11,NA,NA
1,0,2,1,0,0,0,0,1,0,2,15,17,20,15,17,5,5,NA,NA,NA,NA,NA,NA,NA,NA,NA,NA,NA,NA,NA,NA,NA,NA,272,4,1,96,NA,NA
0,0,0,2,4,0,0,0,0,0,2,19,14,23,23,17,6,7,NA,NA,NA,NA,NA,NA,NA,NA,NA,NA,NA,NA,NA,NA,NA,NA,273,6,0,111,NA,NA
1,0,2,1,0,0,0,0,0,0,3,7,7,10,25,14,8,6,NA,NA,NA,NA,NA,NA,NA,NA,NA,NA,NA,NA,NA,NA,NA,NA,274,4,0,80,NA,NA
0,3,2,1,1,0,0,0,0,0,0,4,9,10,16,12,4,2,NA,NA,NA,NA,NA,NA,NA,NA,NA,NA,NA,NA,NA,NA,NA,NA,275,7,0,57,NA,NA
0,1,1,3,2,0,0,0,1,0,0,8,14,22,22,13,4,6,NA,NA,NA,NA,NA,NA,NA,NA,NA,NA,NA,NA,NA,NA,NA,NA,276,7,1,89,NA,NA
0,1,1,1,3,0,0,0,0,1,3,2,1,6,9,6,2,3,NA,NA,NA,NA,NA,NA,NA,NA,NA,NA,NA,NA,NA,NA,NA,NA,277,6,1,32,NA,NA
0,1,0,1,2,0,0,0,0,0,0,6,11,11,9,8,5,3,NA,NA,NA,NA,NA,NA,NA,NA,NA,NA,NA,NA,NA,NA,NA,NA,278,4,0,53,NA,NA
1,1,1,2,2,0,0,0,0,0,1,26,28,49,35,25,12,11,NA,NA,NA,NA,NA,NA,NA,NA,NA,NA,NA,NA,NA,NA,NA,NA,279,7,0,187,NA,NA
1,3,3,1,4,0,0,0,0,0,2,21,25,32,30,21,8,5,NA,NA,NA,NA,NA,NA,NA,NA,NA,NA,NA,NA,NA,NA,NA,NA,280,12,0,144,NA,NA
3,0,0,0,3,0,0,0,0,1,2,25,44,40,51,24,6,4,NA,NA,NA,NA,NA,NA,NA,NA,NA,NA,NA,NA,NA,NA,NA,NA,281,6,1,196,NA,NA
0,0,1,1,5,0,0,0,0,0,2,19,37,30,39,17,10,9,NA,NA,NA,NA,NA,NA,NA,NA,NA,NA,NA,NA,NA,NA,NA,NA,282,7,0,163,NA,NA
2,0,1,0,3,0,0,0,0,0,3,24,32,43,26,16,11,13,NA,NA,NA,NA,NA,NA,NA,NA,NA,NA,NA,NA,NA,NA,NA,NA,283,6,0,168,NA,NA
2,4,1,6,3,0,0,0,0,0,0,11,16,29,21,18,17,3,NA,NA,NA,NA,NA,NA,NA,NA,NA,NA,NA,NA,NA,NA,NA,NA,284,16,0,115,NA,NA
4,1,2,2,2,0,0,0,0,1,1,5,10,19,18,7,5,5,NA,NA,NA,NA,NA,NA,NA,NA,NA,NA,NA,NA,NA,NA,NA,NA,285,11,1,70,NA,NA
0,0,1,3,4,0,0,0,0,0,5,34,53,97,63,61,16,11,NA,NA,NA,NA,NA,NA,NA,NA,NA,NA,NA,NA,NA,NA,NA,NA,286,8,0,340,NA,NA
1,1,1,2,4,0,0,0,0,0,3,66,41,65,37,37,16,12,NA,NA,NA,NA,NA,NA,NA,NA,NA,NA,NA,NA,NA,NA,NA,NA,287,9,0,277,NA,NA
1,1,7,3,5,0,0,0,0,2,3,38,47,66,55,47,26,8,NA,NA,NA,NA,NA,NA,NA,NA,NA,NA,NA,NA,NA,NA,NA,NA,288,17,2,290,NA,NA
2,1,3,3,2,0,0,0,0,0,4,23,36,55,44,37,14,9,NA,NA,NA,NA,NA,NA,NA,NA,NA,NA,NA,NA,NA,NA,NA,NA,289,11,0,222,NA,NA
2,2,4,1,4,0,0,0,0,2,3,27,38,51,34,48,19,8,NA,NA,NA,NA,NA,NA,NA,NA,NA,NA,NA,NA,NA,NA,NA,NA,290,13,2,228,NA,NA
2,1,2,1,6,0,0,0,0,1,0,9,19,25,16,18,5,9,NA,NA,NA,NA,NA,NA,NA,NA,NA,NA,NA,NA,NA,NA,NA,NA,291,12,1,101,NA,NA
1,2,4,3,3,0,0,0,0,0,0,5,11,13,11,15,1,5,NA,NA,NA,NA,NA,NA,NA,NA,NA,NA,NA,NA,NA,NA,NA,NA,292,13,0,61,NA,NA
2,3,4,4,6,0,0,0,0,0,4,52,63,108,94,65,22,11,NA,NA,NA,NA,NA,NA,NA,NA,NA,NA,NA,NA,NA,NA,NA,NA,293,19,0,419,NA,NA
1,1,1,8,3,0,1,0,0,2,9,39,69,96,74,48,31,28,NA,NA,NA,NA,NA,NA,NA,NA,NA,NA,NA,NA,NA,NA,NA,NA,294,14,3,394,NA,NA
0,3,2,3,4,0,0,0,0,0,0,31,57,72,72,48,23,18,NA,NA,NA,NA,NA,NA,NA,NA,NA,NA,NA,NA,NA,NA,NA,NA,295,12,0,321,NA,NA
1,3,2,4,1,0,0,0,1,0,1,21,38,72,47,50,15,11,NA,NA,NA,NA,NA,NA,NA,NA,NA,NA,NA,NA,NA,NA,NA,NA,296,11,1,255,NA,NA
0,2,4,3,6,0,0,0,1,0,5,19,47,54,51,44,25,15,NA,NA,NA,NA,NA,NA,NA,NA,NA,NA,NA,NA,NA,NA,NA,NA,297,15,1,260,NA,NA
0,1,7,3,5,0,0,0,1,1,4,19,21,34,35,29,13,4,NA,NA,NA,NA,NA,NA,NA,NA,NA,NA,NA,NA,NA,NA,NA,NA,298,16,2,159,NA,NA
1,1,3,1,3,0,0,2,0,0,0,4,14,19,19,13,5,5,NA,NA,NA,NA,NA,NA,NA,NA,NA,NA,NA,NA,NA,NA,NA,NA,299,9,2,79,NA,NA
2,1,4,2,6,0,0,0,0,2,1,30,98,115,123,79,43,15,NA,NA,NA,NA,NA,NA,NA,NA,NA,NA,NA,NA,NA,NA,NA,NA,300,15,2,504,NA,NA
2,1,2,4,1,0,0,0,1,1,6,21,65,85,62,64,27,11,NA,NA,NA,NA,NA,NA,NA,NA,NA,NA,NA,NA,NA,NA,NA,NA,301,10,2,341,NA,NA
2,4,0,6,2,0,0,0,0,1,2,23,67,76,78,41,24,12,NA,NA,NA,NA,NA,NA,NA,NA,NA,NA,NA,NA,NA,NA,NA,NA,302,14,1,323,NA,NA
2,3,2,8,4,0,0,0,0,2,1,19,57,76,64,50,30,14,NA,NA,NA,NA,NA,NA,NA,NA,NA,NA,NA,NA,NA,NA,NA,NA,303,19,2,311,NA,NA
3,3,4,4,8,0,0,0,0,0,3,21,52,65,59,44,25,26,NA,NA,NA,NA,NA,NA,NA,NA,NA,NA,NA,NA,NA,NA,NA,NA,304,22,0,295,NA,NA
0,2,0,3,1,0,0,0,1,2,1,10,18,35,32,22,14,7,NA,NA,NA,NA,NA,NA,NA,NA,NA,NA,NA,NA,NA,NA,NA,NA,305,6,3,139,NA,NA
1,4,5,1,6,0,0,0,1,2,1,4,16,18,18,15,8,6,NA,NA,NA,NA,NA,NA,NA,NA,NA,NA,NA,NA,NA,NA,NA,NA,306,17,3,86,NA,NA
1,1,2,2,6,0,0,0,0,0,12,26,111,157,125,86,46,13,NA,NA,NA,NA,NA,NA,NA,NA,NA,NA,NA,NA,NA,NA,NA,NA,307,12,0,576,NA,NA
3,3,1,6,5,0,0,0,0,0,4,17,80,90,101,67,27,25,NA,NA,NA,NA,NA,NA,NA,NA,NA,NA,NA,NA,NA,NA,NA,NA,308,18,0,411,NA,NA
1,1,2,3,5,1,0,0,0,0,2,17,58,61,65,47,30,21,NA,NA,NA,NA,NA,NA,NA,NA,NA,NA,NA,NA,NA,NA,NA,NA,309,12,1,301,NA,NA
3,0,3,2,6,0,0,0,1,1,0,17,50,66,56,39,17,12,NA,NA,NA,NA,NA,NA,NA,NA,NA,NA,NA,NA,NA,NA,NA,NA,310,14,2,257,NA,NA
2,1,2,7,5,0,0,0,0,4,2,28,45,62,48,40,19,11,NA,NA,NA,NA,NA,NA,NA,NA,NA,NA,NA,NA,NA,NA,NA,NA,311,17,4,255,NA,NA
0,2,4,3,5,0,0,1,0,1,3,17,17,33,34,22,12,7,NA,NA,NA,NA,NA,NA,NA,NA,NA,NA,NA,NA,NA,NA,NA,NA,312,14,2,145,NA,NA
1,1,1,3,5,0,0,0,0,1,0,5,12,17,15,15,11,3,NA,NA,NA,NA,NA,NA,NA,NA,NA,NA,NA,NA,NA,NA,NA,NA,313,11,1,78,NA,NA
3,5,5,7,4,0,0,0,0,2,2,49,74,111,96,57,28,7,NA,NA,NA,NA,NA,NA,NA,NA,NA,NA,NA,NA,NA,NA,NA,NA,314,24,2,424,NA,NA
1,3,2,2,1,0,0,0,0,0,10,34,66,68,56,51,27,9,NA,NA,NA,NA,NA,NA,NA,NA,NA,NA,NA,NA,NA,NA,NA,NA,315,9,0,321,NA,NA
0,1,2,3,7,0,0,0,0,0,1,8,11,14,17,11,2,7,NA,NA,NA,NA,NA,NA,NA,NA,NA,NA,NA,NA,NA,NA,NA,NA,316,13,0,71,NA,NA
2,2,0,4,5,0,0,0,0,1,9,23,43,62,53,28,25,10,NA,NA,NA,NA,NA,NA,NA,NA,NA,NA,NA,NA,NA,NA,NA,NA,317,13,1,253,NA,NA
1,0,3,2,5,0,0,0,0,2,4,33,52,47,34,44,19,9,NA,NA,NA,NA,NA,NA,NA,NA,NA,NA,NA,NA,NA,NA,NA,NA,318,11,2,242,NA,NA
2,5,1,4,3,0,0,0,1,1,0,9,15,11,23,23,19,4,NA,NA,NA,NA,NA,NA,NA,NA,NA,NA,NA,NA,NA,NA,NA,NA,319,15,2,104,NA,NA
0,0,2,2,3,0,0,0,0,0,1,2,5,13,11,6,7,3,NA,NA,NA,NA,NA,NA,NA,NA,NA,NA,NA,NA,NA,NA,NA,NA,320,7,0,48,NA,NA
1,2,2,5,10,0,0,0,2,1,3,36,48,74,44,58,21,11,NA,NA,NA,NA,NA,NA,NA,NA,NA,NA,NA,NA,NA,NA,NA,NA,321,20,3,295,NA,NA
0,1,1,0,3,0,0,0,0,3,5,32,42,52,45,38,17,3,NA,NA,NA,NA,NA,NA,NA,NA,NA,NA,NA,NA,NA,NA,NA,NA,322,5,3,234,NA,NA
1,0,0,6,5,0,0,0,0,0,3,28,29,50,35,23,17,9,NA,NA,NA,NA,NA,NA,NA,NA,NA,NA,NA,NA,NA,NA,NA,NA,323,12,0,194,NA,NA
3,2,2,2,1,0,0,0,0,0,2,21,36,36,22,40,19,6,NA,NA,NA,NA,NA,NA,NA,NA,NA,NA,NA,NA,NA,NA,NA,NA,324,10,0,182,NA,NA
2,0,2,2,4,0,0,0,1,2,7,27,30,39,37,25,13,11,NA,NA,NA,NA,NA,NA,NA,NA,NA,NA,NA,NA,NA,NA,NA,NA,325,10,3,189,NA,NA
3,1,1,1,3,0,0,0,0,1,1,3,12,11,14,8,10,7,NA,NA,NA,NA,NA,NA,NA,NA,NA,NA,NA,NA,NA,NA,NA,NA,326,9,1,66,NA,NA
2,0,3,2,0,0,0,0,0,1,0,1,3,6,3,4,4,1,NA,NA,NA,NA,NA,NA,NA,NA,NA,NA,NA,NA,NA,NA,NA,NA,327,7,1,22,NA,NA
1,1,2,5,2,0,0,1,0,1,3,33,34,59,43,50,21,13,NA,NA,NA,NA,NA,NA,NA,NA,NA,NA,NA,NA,NA,NA,NA,NA,328,11,2,256,NA,NA
3,0,3,2,2,0,0,0,0,0,9,17,28,56,35,32,16,10,NA,NA,NA,NA,NA,NA,NA,NA,NA,NA,NA,NA,NA,NA,NA,NA,329,10,0,203,NA,NA
0,0,1,3,3,0,0,0,0,2,5,21,23,26,28,18,14,9,NA,NA,NA,NA,NA,NA,NA,NA,NA,NA,NA,NA,NA,NA,NA,NA,330,7,2,144,NA,NA
1,2,1,6,5,0,0,0,0,0,5,18,25,35,23,20,19,11,NA,NA,NA,NA,NA,NA,NA,NA,NA,NA,NA,NA,NA,NA,NA,NA,331,15,0,156,NA,NA
0,2,2,3,4,0,0,0,0,0,4,15,18,32,13,11,22,8,NA,NA,NA,NA,NA,NA,NA,NA,NA,NA,NA,NA,NA,NA,NA,NA,332,11,0,123,NA,NA
1,0,2,3,2,0,0,0,1,1,1,4,3,9,11,11,9,3,NA,NA,NA,NA,NA,NA,NA,NA,NA,NA,NA,NA,NA,NA,NA,NA,333,8,2,51,NA,NA
1,0,1,0,2,0,0,0,0,0,0,4,4,7,5,8,3,4,NA,NA,NA,NA,NA,NA,NA,NA,NA,NA,NA,NA,NA,NA,NA,NA,334,4,0,35,NA,NA
2,1,1,6,4,0,0,0,0,1,5,37,33,36,35,38,14,5,NA,NA,NA,NA,NA,NA,NA,NA,NA,NA,NA,NA,NA,NA,NA,NA,335,14,1,203,NA,NA
0,0,1,4,4,0,0,0,0,1,5,23,21,34,33,27,21,13,NA,NA,NA,NA,NA,NA,NA,NA,NA,NA,NA,NA,NA,NA,NA,NA,336,9,1,177,NA,NA
1,1,2,4,2,0,0,0,0,1,8,29,25,31,19,23,15,7,NA,NA,NA,NA,NA,NA,NA,NA,NA,NA,NA,NA,NA,NA,NA,NA,337,10,1,157,NA,NA
1,1,0,1,6,0,0,0,0,1,8,19,28,26,35,21,6,4,NA,NA,NA,NA,NA,NA,NA,NA,NA,NA,NA,NA,NA,NA,NA,NA,338,9,1,147,NA,NA
1,0,3,0,3,0,0,0,0,1,0,10,17,29,16,21,11,9,NA,NA,NA,NA,NA,NA,NA,NA,NA,NA,NA,NA,NA,NA,NA,NA,339,7,1,113,NA,NA
3,0,1,5,1,0,0,0,0,3,0,4,5,10,6,7,5,2,NA,NA,NA,NA,NA,NA,NA,NA,NA,NA,NA,NA,NA,NA,NA,NA,340,10,3,39,NA,NA
1,1,0,1,0,0,0,0,0,1,1,1,1,7,6,3,1,0,NA,NA,NA,NA,NA,NA,NA,NA,NA,NA,NA,NA,NA,NA,NA,NA,341,3,1,20,NA,NA
2,0,2,4,1,0,1,0,0,1,4,14,21,28,28,33,12,5,NA,NA,NA,NA,NA,NA,NA,NA,NA,NA,NA,NA,NA,NA,NA,NA,342,9,2,145,NA,NA
0,1,1,2,2,0,0,0,3,0,4,19,18,29,25,13,8,4,NA,NA,NA,NA,NA,NA,NA,NA,NA,NA,NA,NA,NA,NA,NA,NA,343,6,3,120,NA,NA
0,0,1,1,1,0,0,0,0,2,2,12,13,17,12,19,7,4,NA,NA,NA,NA,NA,NA,NA,NA,NA,NA,NA,NA,NA,NA,NA,NA,344,3,2,86,NA,NA
0,0,1,1,2,0,0,0,0,0,0,7,9,23,9,7,13,3,NA,NA,NA,NA,NA,NA,NA,NA,NA,NA,NA,NA,NA,NA,NA,NA,345,4,0,71,NA,NA
0,0,3,1,2,0,0,0,0,2,2,8,20,22,16,21,9,10,NA,NA,NA,NA,NA,NA,NA,NA,NA,NA,NA,NA,NA,NA,NA,NA,346,6,2,108,NA,NA
1,1,4,0,3,0,0,1,1,1,0,0,10,13,9,6,3,2,NA,NA,NA,NA,NA,NA,NA,NA,NA,NA,NA,NA,NA,NA,NA,NA,347,9,3,43,NA,NA
1,0,1,2,3,0,0,0,0,0,0,0,4,2,2,5,6,2,NA,NA,NA,NA,NA,NA,NA,NA,NA,NA,NA,NA,NA,NA,NA,NA,348,7,0,21,NA,NA
2,0,1,3,2,0,0,0,1,0,2,9,20,33,30,19,8,6,NA,NA,NA,NA,NA,NA,NA,NA,NA,NA,NA,NA,NA,NA,NA,NA,349,8,1,127,NA,NA
1,0,3,4,2,0,0,0,0,1,0,9,22,25,19,13,12,7,NA,NA,NA,NA,NA,NA,NA,NA,NA,NA,NA,NA,NA,NA,NA,NA,350,10,1,107,NA,NA
0,1,1,1,2,0,0,2,0,1,0,19,8,36,8,20,8,5,NA,NA,NA,NA,NA,NA,NA,NA,NA,NA,NA,NA,NA,NA,NA,NA,351,5,3,104,NA,NA
1,0,3,0,2,0,1,0,0,0,3,4,12,19,17,14,9,2,NA,NA,NA,NA,NA,NA,NA,NA,NA,NA,NA,NA,NA,NA,NA,NA,352,6,1,80,NA,NA
2,0,1,0,2,0,0,0,0,0,1,5,6,16,11,14,9,4,NA,NA,NA,NA,NA,NA,NA,NA,NA,NA,NA,NA,NA,NA,NA,NA,353,5,0,66,NA,NA
0,0,1,4,3,0,0,0,1,1,1,1,3,6,11,3,5,3,NA,NA,NA,NA,NA,NA,NA,NA,NA,NA,NA,NA,NA,NA,NA,NA,354,8,2,33,NA,NA
1,1,0,0,1,0,0,0,0,0,0,2,2,5,4,2,3,2,NA,NA,NA,NA,NA,NA,NA,NA,NA,NA,NA,NA,NA,NA,NA,NA,355,3,0,20,NA,NA
0,0,2,0,2,0,0,0,0,1,2,10,21,25,17,12,17,9,NA,NA,NA,NA,NA,NA,NA,NA,NA,NA,NA,NA,NA,NA,NA,NA,356,4,1,113,NA,NA
2,3,1,2,2,0,0,0,0,0,0,7,11,11,6,11,7,6,NA,NA,NA,NA,NA,NA,NA,NA,NA,NA,NA,NA,NA,NA,NA,NA,357,10,0,59,NA,NA
0,0,1,2,1,0,0,1,1,0,3,6,11,10,8,6,6,2,NA,NA,NA,NA,NA,NA,NA,NA,NA,NA,NA,NA,NA,NA,NA,NA,358,4,2,52,NA,NA
0,0,1,1,1,0,0,0,0,1,0,5,3,10,15,2,6,1,NA,NA,NA,NA,NA,NA,NA,NA,NA,NA,NA,NA,NA,NA,NA,NA,359,3,1,42,NA,NA
0,0,2,1,0,0,0,0,0,1,1,1,0,3,0,1,0,0,NA,NA,NA,NA,NA,NA,NA,NA,NA,NA,NA,NA,NA,NA,NA,NA,360,3,1,6,NA,NA
0,1,1,1,2,0,0,1,0,1,0,1,5,7,13,7,5,3,NA,NA,NA,NA,NA,NA,NA,NA,NA,NA,NA,NA,NA,NA,NA,NA,361,5,2,41,NA,NA
2,0,3,0,2,0,0,0,1,0,1,0,0,2,1,6,1,5,NA,NA,NA,NA,NA,NA,NA,NA,NA,NA,NA,NA,NA,NA,NA,NA,362,7,1,16,NA,NA
1,0,2,0,0,0,0,0,0,0,1,1,20,31,14,20,8,6,NA,NA,NA,NA,NA,NA,NA,NA,NA,NA,NA,NA,NA,NA,NA,NA,363,3,0,101,NA,NA
3,0,0,1,1,0,0,0,0,1,3,6,12,15,16,11,9,4,NA,NA,NA,NA,NA,NA,NA,NA,NA,NA,NA,NA,NA,NA,NA,NA,364,5,1,76,NA,NA
0,1,1,2,3,0,0,0,0,0,0,2,9,11,17,14,8,5,NA,NA,NA,NA,NA,NA,NA,NA,NA,NA,NA,NA,NA,NA,NA,NA,365,7,0,66,NA,NA
1,1,0,2,0,0,0,0,0,0,2,4,4,7,10,7,7,3,NA,NA,NA,NA,NA,NA,NA,NA,NA,NA,NA,NA,NA,NA,NA,NA,366,4,0,44,NA,NA
0,0,0,1,1,0,0,1,0,0,0,0,2,0,2,0,1,2,NA,NA,NA,NA,NA,NA,NA,NA,NA,NA,NA,NA,NA,NA,NA,NA,367,2,1,7,NA,NA
3,0,1,1,1,0,0,0,1,2,0,0,7,5,4,6,4,4,NA,NA,NA,NA,NA,NA,NA,NA,NA,NA,NA,NA,NA,NA,NA,NA,368,6,3,30,NA,NA
2,0,0,1,1,0,0,0,1,0,0,0,2,1,1,1,1,0,NA,NA,NA,NA,NA,NA,NA,NA,NA,NA,NA,NA,NA,NA,NA,NA,369,4,1,6,NA,NA
1,1,0,0,0,0,0,0,0,0,2,5,19,19,16,13,9,8,NA,NA,NA,NA,NA,NA,NA,NA,NA,NA,NA,NA,NA,NA,NA,NA,370,2,0,91,NA,NA
0,2,0,2,1,0,0,0,0,0,0,4,6,13,13,5,8,4,NA,NA,NA,NA,NA,NA,NA,NA,NA,NA,NA,NA,NA,NA,NA,NA,371,5,0,53,NA,NA
0,2,0,3,2,0,0,0,0,0,3,2,8,10,11,12,9,5,NA,NA,NA,NA,NA,NA,NA,NA,NA,NA,NA,NA,NA,NA,NA,NA,372,7,0,60,NA,NA
1,0,3,1,2,0,0,0,0,0,0,5,6,10,11,6,3,4,NA,NA,NA,NA,NA,NA,NA,NA,NA,NA,NA,NA,NA,NA,NA,NA,373,7,0,45,NA,NA
0,0,0,1,4,0,0,0,0,1,1,7,7,7,7,4,2,4,NA,NA,NA,NA,NA,NA,NA,NA,NA,NA,NA,NA,NA,NA,NA,NA,374,5,1,39,NA,NA
1,0,0,1,1,0,0,0,0,1,0,3,2,6,1,2,2,2,NA,NA,NA,NA,NA,NA,NA,NA,NA,NA,NA,NA,NA,NA,NA,NA,375,3,1,18,NA,NA
1,1,1,0,1,0,0,0,1,0,1,1,1,3,5,1,0,1,NA,NA,NA,NA,NA,NA,NA,NA,NA,NA,NA,NA,NA,NA,NA,NA,376,4,1,13,NA,NA
0,1,0,2,0,0,0,0,0,0,3,9,20,18,21,23,11,2,NA,NA,NA,NA,NA,NA,NA,NA,NA,NA,NA,NA,NA,NA,NA,NA,377,3,0,107,NA,NA
0,0,0,0,0,0,0,0,0,0,1,10,10,10,16,7,3,1,NA,NA,NA,NA,NA,NA,NA,NA,NA,NA,NA,NA,NA,NA,NA,NA,378,0,0,58,NA,NA
0,0,0,0,1,0,0,1,0,0,4,6,7,9,7,13,3,5,NA,NA,NA,NA,NA,NA,NA,NA,NA,NA,NA,NA,NA,NA,NA,NA,379,1,1,54,NA,NA
1,1,1,2,0,0,0,0,0,0,0,5,10,14,9,8,5,4,NA,NA,NA,NA,NA,NA,NA,NA,NA,NA,NA,NA,NA,NA,NA,NA,380,5,0,55,NA,NA
0,1,0,0,2,0,0,0,0,0,0,4,3,7,4,7,2,3,NA,NA,NA,NA,NA,NA,NA,NA,NA,NA,NA,NA,NA,NA,NA,NA,381,3,0,30,NA,NA
0,1,0,0,0,0,0,0,1,1,0,1,2,1,2,2,1,2,NA,NA,NA,NA,NA,NA,NA,NA,NA,NA,NA,NA,NA,NA,NA,NA,382,1,2,11,NA,NA
0,0,0,0,0,0,0,0,0,0,1,0,0,0,0,0,2,0,NA,NA,NA,NA,NA,NA,NA,NA,NA,NA,NA,NA,NA,NA,NA,NA,383,0,0,3,NA,NA
0,0,1,1,2,0,0,0,0,0,3,6,16,7,19,11,5,4,NA,NA,NA,NA,NA,NA,NA,NA,NA,NA,NA,NA,NA,NA,NA,NA,384,4,0,71,NA,NA
0,1,0,0,0,0,0,0,1,0,2,7,5,7,6,3,4,5,NA,NA,NA,NA,NA,NA,NA,NA,NA,NA,NA,NA,NA,NA,NA,NA,385,1,1,39,NA,NA
0,1,0,0,0,0,0,0,0,0,1,5,7,4,1,3,2,3,NA,NA,NA,NA,NA,NA,NA,NA,NA,NA,NA,NA,NA,NA,NA,NA,386,1,0,26,NA,NA
0,0,1,0,4,0,0,0,0,0,1,1,2,3,7,8,2,1,NA,NA,NA,NA,NA,NA,NA,NA,NA,NA,NA,NA,NA,NA,NA,NA,387,5,0,25,NA,NA
0,0,0,1,0,0,0,0,1,0,1,4,6,5,9,3,4,0,NA,NA,NA,NA,NA,NA,NA,NA,NA,NA,NA,NA,NA,NA,NA,NA,388,1,1,32,NA,NA
0,0,1,0,0,0,0,0,0,0,0,0,3,1,3,1,2,1,NA,NA,NA,NA,NA,NA,NA,NA,NA,NA,NA,NA,NA,NA,NA,NA,389,1,0,11,NA,NA
0,0,0,0,0,0,0,0,0,0,0,0,0,0,1,2,1,1,NA,NA,NA,NA,NA,NA,NA,NA,NA,NA,NA,NA,NA,NA,NA,NA,390,0,0,5,NA,NA
0,0,0,2,2,0,0,1,1,0,4,9,7,14,10,9,8,4,NA,NA,NA,NA,NA,NA,NA,NA,NA,NA,NA,NA,NA,NA,NA,NA,391,4,2,65,NA,NA
0,1,0,1,0,0,0,0,0,0,1,1,8,7,10,3,3,0,NA,NA,NA,NA,NA,NA,NA,NA,NA,NA,NA,NA,NA,NA,NA,NA,392,2,0,33,NA,NA
0,0,2,0,0,0,0,0,0,0,0,2,3,6,7,4,4,0,NA,NA,NA,NA,NA,NA,NA,NA,NA,NA,NA,NA,NA,NA,NA,NA,393,2,0,26,NA,NA
0,0,1,0,1,0,0,0,0,0,1,5,2,4,4,1,4,0,NA,NA,NA,NA,NA,NA,NA,NA,NA,NA,NA,NA,NA,NA,NA,NA,394,2,0,21,NA,NA
0,1,1,0,1,0,0,0,0,0,0,4,2,4,4,4,1,1,NA,NA,NA,NA,NA,NA,NA,NA,NA,NA,NA,NA,NA,NA,NA,NA,395,3,0,20,NA,NA
1,0,0,1,1,0,0,0,0,1,0,0,0,2,3,1,0,3,NA,NA,NA,NA,NA,NA,NA,NA,NA,NA,NA,NA,NA,NA,NA,NA,396,3,1,9,NA,NA
0,0,1,2,0,0,0,0,0,0,0,0,0,0,0,1,2,0,NA,NA,NA,NA,NA,NA,NA,NA,NA,NA,NA,NA,NA,NA,NA,NA,397,3,0,3,NA,NA
0,2,0,0,0,0,0,0,1,0,1,1,4,7,12,2,1,1,NA,NA,NA,NA,NA,NA,NA,NA,NA,NA,NA,NA,NA,NA,NA,NA,398,2,1,29,NA,NA
0,0,0,0,0,0,0,0,0,0,0,2,3,5,3,1,6,1,NA,NA,NA,NA,NA,NA,NA,NA,NA,NA,NA,NA,NA,NA,NA,NA,399,0,0,21,NA,NA
0,0,0,0,1,0,0,0,0,0,0,1,1,1,4,4,1,0,NA,NA,NA,NA,NA,NA,NA,NA,NA,NA,NA,NA,NA,NA,NA,NA,400,1,0,12,NA,NA
0,0,0,0,1,0,0,0,0,0,1,9,1,4,1,2,2,2,NA,NA,NA,NA,NA,NA,NA,NA,NA,NA,NA,NA,NA,NA,NA,NA,401,1,0,22,NA,NA
0,0,0,2,0,0,0,0,0,0,1,2,1,1,4,0,1,1,NA,NA,NA,NA,NA,NA,NA,NA,NA,NA,NA,NA,NA,NA,NA,NA,402,2,0,11,NA,NA
0,0,0,0,1,0,0,1,0,0,0,0,0,0,2,2,0,0,NA,NA,NA,NA,NA,NA,NA,NA,NA,NA,NA,NA,NA,NA,NA,NA,403,1,1,4,NA,NA
0,0,0,1,1,0,0,0,0,0,0,0,0,1,1,0,0,1,NA,NA,NA,NA,NA,NA,NA,NA,NA,NA,NA,NA,NA,NA,NA,NA,404,2,0,3,NA,NA
2,0,0,0,3,0,0,0,0,0,0,2,1,2,3,5,2,3,NA,NA,NA,NA,NA,NA,NA,NA,NA,NA,NA,NA,NA,NA,NA,NA,405,5,0,18,NA,NA
0,0,0,0,0,0,0,0,0,0,1,0,5,5,0,2,2,0,NA,NA,NA,NA,NA,NA,NA,NA,NA,NA,NA,NA,NA,NA,NA,NA,406,0,0,15,NA,NA
0,0,0,0,0,0,0,0,0,0,0,3,2,2,5,1,0,0,NA,NA,NA,NA,NA,NA,NA,NA,NA,NA,NA,NA,NA,NA,NA,NA,407,0,0,13,NA,NA
0,0,0,0,0,0,0,0,0,0,0,1,1,4,2,3,2,2,NA,NA,NA,NA,NA,NA,NA,NA,NA,NA,NA,NA,NA,NA,NA,NA,408,0,0,15,NA,NA
0,0,0,0,0,0,0,0,0,0,0,0,2,1,0,2,0,1,NA,NA,NA,NA,NA,NA,NA,NA,NA,NA,NA,NA,NA,NA,NA,NA,409,0,0,6,NA,NA
0,0,0,0,0,0,0,0,0,0,0,0,0,0,0,2,0,0,NA,NA,NA,NA,NA,NA,NA,NA,NA,NA,NA,NA,NA,NA,NA,NA,410,0,0,2,NA,NA
1,0,0,0,1,0,0,0,0,0,0,0,2,0,1,0,0,1,12,15,17,17,18,9,60,90,78,95,93,47,NA,NA,NA,NA,411,2,0,4,88,463
0,1,0,1,0,0,1,0,0,0,1,3,2,4,7,5,1,2,NA,NA,NA,NA,NA,NA,NA,NA,NA,NA,NA,NA,NA,NA,NA,NA,412,2,1,25,NA,NA
0,0,0,0,0,0,0,0,0,0,0,2,3,2,0,2,1,0,NA,NA,NA,NA,NA,NA,NA,NA,NA,NA,NA,NA,NA,NA,NA,NA,413,0,0,10,NA,NA
0,0,0,1,1,0,0,0,0,0,1,2,0,3,2,1,2,1,NA,NA,NA,NA,NA,NA,NA,NA,NA,NA,NA,NA,NA,NA,NA,NA,414,2,0,12,NA,NA
0,0,0,1,0,0,0,0,0,0,0,0,4,0,4,1,0,0,NA,NA,NA,NA,NA,NA,NA,NA,NA,NA,NA,NA,NA,NA,NA,NA,415,1,0,9,NA,NA
0,0,0,0,0,0,0,0,0,1,1,1,0,0,1,0,0,0,NA,NA,NA,NA,NA,NA,NA,NA,NA,NA,NA,NA,NA,NA,NA,NA,416,0,1,3,NA,NA
0,1,0,0,0,0,0,0,0,0,0,0,0,0,1,1,0,0,NA,NA,NA,NA,NA,NA,NA,NA,NA,NA,NA,NA,NA,NA,NA,NA,417,1,0,2,NA,NA
0,1,0,1,0,0,0,0,0,1,0,0,0,0,0,0,0,0,NA,NA,NA,NA,NA,NA,NA,NA,NA,NA,NA,NA,NA,NA,NA,NA,418,2,1,0,NA,NA
0,0,0,1,0,0,0,0,1,0,1,0,1,1,1,2,2,1,NA,NA,NA,NA,NA,NA,NA,NA,NA,NA,NA,NA,NA,NA,NA,NA,419,1,1,9,NA,NA
0,0,0,0,0,0,0,0,0,0,0,0,2,2,2,0,2,0,NA,NA,NA,NA,NA,NA,NA,NA,NA,NA,NA,NA,NA,NA,NA,NA,420,0,0,8,NA,NA
0,0,1,0,0,0,0,0,0,0,1,3,0,2,1,1,0,0,NA,NA,NA,NA,NA,NA,NA,NA,NA,NA,NA,NA,NA,NA,NA,NA,421,1,0,8,NA,NA
0,0,0,0,0,0,0,0,0,0,1,0,0,1,2,1,4,0,NA,NA,NA,NA,NA,NA,NA,NA,NA,NA,NA,NA,NA,NA,NA,NA,422,0,0,9,NA,NA
0,0,1,1,0,0,0,0,0,0,0,4,2,3,3,6,0,0,NA,NA,NA,NA,NA,NA,NA,NA,NA,NA,NA,NA,NA,NA,NA,NA,423,2,0,18,NA,NA
0,0,0,0,1,0,0,0,0,0,0,0,1,0,1,2,0,1,NA,NA,NA,NA,NA,NA,NA,NA,NA,NA,NA,NA,NA,NA,NA,NA,424,1,0,5,NA,NA
0,0,0,0,0,0,0,0,0,0,0,1,0,0,1,1,1,0,NA,NA,NA,NA,NA,NA,NA,NA,NA,NA,NA,NA,NA,NA,NA,NA,425,0,0,4,NA,NA
0,0,0,0,0,0,0,0,0,1,0,12,4,2,2,1,2,0,NA,NA,NA,NA,NA,NA,NA,NA,NA,NA,NA,NA,NA,NA,NA,NA,426,0,1,23,NA,NA
0,0,0,0,0,0,0,0,0,0,0,2,2,3,3,5,2,1,NA,NA,NA,NA,NA,NA,NA,NA,NA,NA,NA,NA,NA,NA,NA,NA,427,0,0,18,NA,NA
0,0,0,1,0,0,0,0,0,0,0,1,3,4,1,1,0,0,NA,NA,NA,NA,NA,NA,NA,NA,NA,NA,NA,NA,NA,NA,NA,NA,428,1,0,10,NA,NA
0,0,0,0,0,0,0,0,0,0,0,0,3,2,1,2,0,1,NA,NA,NA,NA,NA,NA,NA,NA,NA,NA,NA,NA,NA,NA,NA,NA,429,0,0,9,NA,NA
1,1,0,0,0,0,0,0,0,0,0,1,0,1,0,0,0,0,NA,NA,NA,NA,NA,NA,NA,NA,NA,NA,NA,NA,NA,NA,NA,NA,430,2,0,2,NA,NA
0,1,0,2,0,0,0,0,1,0,0,0,0,0,2,0,1,0,NA,NA,NA,NA,NA,NA,NA,NA,NA,NA,NA,NA,NA,NA,NA,NA,431,3,1,3,NA,NA
0,0,0,0,0,0,0,0,0,0,0,0,0,1,1,0,0,1,NA,NA,NA,NA,NA,NA,NA,NA,NA,NA,NA,NA,NA,NA,NA,NA,432,0,0,3,NA,NA
0,0,0,0,0,0,0,0,0,0,0,4,2,3,0,4,1,0,NA,NA,NA,NA,NA,NA,NA,NA,NA,NA,NA,NA,NA,NA,NA,NA,433,0,0,14,NA,NA
0,0,0,0,0,0,0,0,0,0,0,0,4,4,4,2,1,0,NA,NA,NA,NA,NA,NA,NA,NA,NA,NA,NA,NA,NA,NA,NA,NA,434,0,0,15,NA,NA
0,0,0,0,0,0,0,0,0,0,1,0,3,2,2,2,2,1,NA,NA,NA,NA,NA,NA,NA,NA,NA,NA,NA,NA,NA,NA,NA,NA,435,0,0,13,NA,NA
0,0,0,0,0,0,0,0,0,0,0,2,0,3,0,0,3,1,NA,NA,NA,NA,NA,NA,NA,NA,NA,NA,NA,NA,NA,NA,NA,NA,436,0,0,9,NA,NA
0,0,0,0,0,0,0,0,0,0,0,1,0,3,0,1,1,1,NA,NA,NA,NA,NA,NA,NA,NA,NA,NA,NA,NA,NA,NA,NA,NA,437,0,0,7,NA,NA
0,0,1,0,1,0,0,0,0,0,0,0,0,1,0,0,0,0,NA,NA,NA,NA,NA,NA,NA,NA,NA,NA,NA,NA,NA,NA,NA,NA,438,2,0,1,NA,NA
0,0,0,0,0,0,0,0,0,0,0,1,2,0,0,0,0,0,NA,NA,NA,NA,NA,NA,NA,NA,NA,NA,NA,NA,NA,NA,NA,NA,439,0,0,3,NA,NA
0,0,0,0,0,0,0,0,0,0,0,4,3,2,4,2,2,0,NA,NA,NA,NA,NA,NA,NA,NA,NA,NA,NA,NA,NA,NA,NA,NA,440,0,0,17,NA,NA
0,0,0,0,0,0,0,0,0,0,0,1,0,1,1,1,0,0,NA,NA,NA,NA,NA,NA,NA,NA,NA,NA,NA,NA,NA,NA,NA,NA,441,0,0,4,NA,NA
0,0,0,0,0,0,0,0,0,0,0,1,1,0,0,0,0,1,NA,NA,NA,NA,NA,NA,NA,NA,NA,NA,NA,NA,NA,NA,NA,NA,442,0,0,3,NA,NA
0,0,0,0,0,0,0,0,0,0,0,5,0,0,0,0,1,0,NA,NA,NA,NA,NA,NA,NA,NA,NA,NA,NA,NA,NA,NA,NA,NA,443,0,0,6,NA,NA
0,0,0,0,0,0,0,0,0,0,0,2,0,1,0,1,0,0,NA,NA,NA,NA,NA,NA,NA,NA,NA,NA,NA,NA,NA,NA,NA,NA,444,0,0,4,NA,NA
0,0,0,0,0,0,0,0,0,0,0,2,0,1,1,0,2,0,NA,NA,NA,NA,NA,NA,NA,NA,NA,NA,NA,NA,NA,NA,NA,NA,445,0,0,6,NA,NA
0,0,1,0,0,0,0,0,0,0,0,0,0,1,0,1,0,0,NA,NA,NA,NA,NA,NA,NA,NA,NA,NA,NA,NA,NA,NA,NA,NA,446,1,0,2,NA,NA
0,0,1,0,1,0,0,0,0,0,1,1,0,3,3,2,0,0,NA,NA,NA,NA,NA,NA,NA,NA,NA,NA,NA,NA,NA,NA,NA,NA,447,2,0,10,NA,NA
0,0,0,0,1,0,0,0,0,0,0,0,1,0,0,3,0,2,NA,NA,NA,NA,NA,NA,NA,NA,NA,NA,NA,NA,NA,NA,NA,NA,448,1,0,6,NA,NA
0,0,0,0,0,0,0,0,0,0,0,1,0,2,1,1,0,0,NA,NA,NA,NA,NA,NA,NA,NA,NA,NA,NA,NA,NA,NA,NA,NA,449,0,0,5,NA,NA
1,0,0,0,0,0,0,0,0,0,0,0,1,0,0,0,0,0,NA,NA,NA,NA,NA,NA,NA,NA,NA,NA,NA,NA,NA,NA,NA,NA,450,1,0,1,NA,NA
0,0,0,0,0,0,0,0,0,0,0,0,0,1,0,1,0,0,NA,NA,NA,NA,NA,NA,NA,NA,NA,NA,NA,NA,NA,NA,NA,NA,451,0,0,2,NA,NA
0,0,0,0,0,0,0,0,0,0,0,0,0,0,1,0,0,0,NA,NA,NA,NA,NA,NA,NA,NA,NA,NA,NA,NA,NA,NA,NA,NA,452,0,0,1,NA,NA
0,0,0,0,0,0,0,0,0,0,0,0,0,0,0,0,0,0,NA,NA,NA,NA,NA,NA,NA,NA,NA,NA,NA,NA,NA,NA,NA,NA,453,0,0,0,NA,NA
0,0,0,0,0,0,0,0,0,0,0,0,0,2,3,3,1,1,NA,NA,NA,NA,NA,NA,NA,NA,NA,NA,NA,NA,NA,NA,NA,NA,454,0,0,10,NA,NA
0,0,0,0,0,0,0,0,0,0,0,0,2,2,3,0,0,1,NA,NA,NA,NA,NA,NA,NA,NA,NA,NA,NA,NA,NA,NA,NA,NA,455,0,0,8,NA,NA
0,0,0,0,0,0,0,0,0,0,0,0,0,1,3,2,0,0,NA,NA,NA,NA,NA,NA,NA,NA,NA,NA,NA,NA,NA,NA,NA,NA,456,0,0,6,NA,NA
0,0,0,0,0,0,0,0,0,0,0,1,0,0,1,0,0,0,NA,NA,NA,NA,NA,NA,NA,NA,NA,NA,NA,NA,NA,NA,NA,NA,457,0,0,2,NA,NA
0,0,0,0,0,0,0,0,0,0,0,0,0,0,0,0,0,0,NA,NA,NA,NA,NA,NA,NA,NA,NA,NA,NA,NA,NA,NA,NA,NA,458,0,0,0,NA,NA
0,0,0,0,0,0,0,0,0,0,0,0,0,0,0,0,0,0,NA,NA,NA,NA,NA,NA,NA,NA,NA,NA,NA,NA,NA,NA,NA,NA,459,0,0,0,NA,NA
0,0,0,0,0,0,0,0,0,0,0,0,0,0,0,0,0,0,NA,NA,NA,NA,NA,NA,NA,NA,NA,NA,NA,NA,NA,NA,NA,NA,460,0,0,0,NA,NA
0,0,0,0,0,0,0,0,0,0,0,0,0,0,0,0,0,0,NA,NA,NA,NA,NA,NA,NA,NA,NA,NA,NA,NA,NA,NA,NA,NA,461,0,0,0,NA,NA
0,0,0,0,0,0,0,0,0,0,0,0,0,0,3,0,0,0,NA,NA,NA,NA,NA,NA,NA,NA,NA,NA,NA,NA,NA,NA,NA,NA,462,0,0,3,NA,NA
0,0,1,0,0,0,0,0,0,0,0,0,0,1,1,2,0,0,NA,NA,NA,NA,NA,NA,NA,NA,NA,NA,NA,NA,NA,NA,NA,NA,463,1,0,4,NA,NA
0,0,0,0,0,0,0,0,0,0,0,0,2,3,1,2,2,1,NA,NA,NA,NA,NA,NA,NA,NA,NA,NA,NA,NA,NA,NA,NA,NA,464,0,0,11,NA,NA
0,0,0,0,0,0,0,0,0,0,0,0,0,1,0,0,0,0,NA,NA,NA,NA,NA,NA,NA,NA,NA,NA,NA,NA,NA,NA,NA,NA,465,0,0,1,NA,NA
0,0,0,0,0,0,0,0,0,0,0,0,0,1,0,0,0,0,NA,NA,NA,NA,NA,NA,NA,NA,NA,NA,NA,NA,NA,NA,NA,NA,466,0,0,1,NA,NA
0,0,0,0,0,0,0,0,0,0,1,0,1,4,1,3,0,0,NA,NA,NA,NA,NA,NA,NA,NA,NA,NA,NA,NA,NA,NA,NA,NA,467,0,0,10,NA,NA
0,0,0,0,0,0,0,0,0,0,0,0,0,4,3,2,1,0,NA,NA,NA,NA,NA,NA,NA,NA,NA,NA,NA,NA,NA,NA,NA,NA,468,0,0,10,NA,NA
0,0,0,0,1,0,0,0,0,0,0,0,1,1,0,1,0,1,NA,NA,NA,NA,NA,NA,NA,NA,NA,NA,NA,NA,NA,NA,NA,NA,469,1,0,4,NA,NA
0,0,0,1,0,0,0,0,0,0,0,2,1,0,4,2,1,0,NA,NA,NA,NA,NA,NA,NA,NA,NA,NA,NA,NA,NA,NA,NA,NA,470,1,0,10,NA,NA
0,0,0,0,0,0,0,0,0,0,0,1,0,0,1,1,0,0,NA,NA,NA,NA,NA,NA,NA,NA,NA,NA,NA,NA,NA,NA,NA,NA,471,0,0,3,NA,NA
0,0,0,0,1,0,0,0,0,0,0,0,2,1,0,1,0,1,NA,NA,NA,NA,NA,NA,NA,NA,NA,NA,NA,NA,NA,NA,NA,NA,472,1,0,5,NA,NA
0,1,0,0,0,0,0,0,0,0,0,1,0,0,3,0,0,0,NA,NA,NA,NA,NA,NA,NA,NA,NA,NA,NA,NA,NA,NA,NA,NA,473,1,0,4,NA,NA
0,1,1,0,1,0,0,0,0,0,0,0,1,0,1,3,1,0,NA,NA,NA,NA,NA,NA,NA,NA,NA,NA,NA,NA,NA,NA,NA,NA,474,3,0,6,NA,NA
0,0,0,0,0,0,0,0,0,0,0,1,0,2,5,1,1,0,NA,NA,NA,NA,NA,NA,NA,NA,NA,NA,NA,NA,NA,NA,NA,NA,475,0,0,10,NA,NA
0,0,0,0,0,0,0,0,0,0,0,0,0,1,1,0,1,0,NA,NA,NA,NA,NA,NA,NA,NA,NA,NA,NA,NA,NA,NA,NA,NA,476,0,0,3,NA,NA
0,0,1,0,0,0,0,0,0,0,0,0,1,0,1,1,1,1,NA,NA,NA,NA,NA,NA,NA,NA,NA,NA,NA,NA,NA,NA,NA,NA,477,1,0,5,NA,NA
0,0,0,0,0,0,0,0,0,0,0,0,5,0,1,2,0,0,NA,NA,NA,NA,NA,NA,NA,NA,NA,NA,NA,NA,NA,NA,NA,NA,478,0,0,8,NA,NA
0,0,0,0,0,0,0,0,0,0,0,0,1,2,0,0,0,1,NA,NA,NA,NA,NA,NA,NA,NA,NA,NA,NA,NA,NA,NA,NA,NA,479,0,0,4,NA,NA
0,0,0,0,0,0,0,0,0,0,0,0,0,0,1,0,0,0,NA,NA,NA,NA,NA,NA,NA,NA,NA,NA,NA,NA,NA,NA,NA,NA,480,0,0,1,NA,NA
0,0,0,0,0,0,0,0,0,0,0,0,0,0,0,0,0,0,NA,NA,NA,NA,NA,NA,NA,NA,NA,NA,NA,NA,NA,NA,NA,NA,481,0,0,0,NA,NA
0,1,0,0,0,0,0,0,0,0,0,0,2,1,0,0,0,1,NA,NA,NA,NA,NA,NA,NA,NA,NA,NA,NA,NA,NA,NA,NA,NA,482,1,0,4,NA,NA
0,0,1,0,0,0,0,0,0,0,0,1,1,0,0,0,1,0,NA,NA,NA,NA,NA,NA,NA,NA,NA,NA,NA,NA,NA,NA,NA,NA,483,1,0,3,NA,NA
0,0,0,0,0,0,0,0,0,0,0,1,1,2,0,2,0,0,NA,NA,NA,NA,NA,NA,NA,NA,NA,NA,NA,NA,NA,NA,NA,NA,484,0,0,6,NA,NA
0,0,0,0,0,0,0,0,0,0,0,0,1,0,0,0,0,0,NA,NA,NA,NA,NA,NA,NA,NA,NA,NA,NA,NA,NA,NA,NA,NA,485,0,0,1,NA,NA
0,0,0,0,0,0,0,0,0,0,0,0,3,2,0,0,0,0,NA,NA,NA,NA,NA,NA,NA,NA,NA,NA,NA,NA,NA,NA,NA,NA,486,0,0,5,NA,NA
0,0,0,0,0,0,0,0,0,0,0,1,0,3,0,0,0,0,NA,NA,NA,NA,NA,NA,NA,NA,NA,NA,NA,NA,NA,NA,NA,NA,487,0,0,4,NA,NA
0,0,0,0,0,0,0,0,0,0,0,0,0,0,0,0,0,0,NA,NA,NA,NA,NA,NA,NA,NA,NA,NA,NA,NA,NA,NA,NA,NA,488,0,0,0,NA,NA
0,0,0,0,0,0,0,0,0,0,0,1,0,2,1,1,0,0,NA,NA,NA,NA,NA,NA,NA,NA,NA,NA,NA,NA,NA,NA,NA,NA,489,0,0,5,NA,NA
0,0,0,0,0,0,0,0,0,0,0,4,2,0,0,0,1,0,NA,NA,NA,NA,NA,NA,NA,NA,NA,NA,NA,NA,NA,NA,NA,NA,490,0,0,7,NA,NA
0,0,0,0,0,0,0,0,0,0,0,4,2,1,2,0,0,0,NA,NA,NA,NA,NA,NA,NA,NA,NA,NA,NA,NA,NA,NA,NA,NA,491,0,0,9,NA,NA
0,0,0,0,0,0,0,0,0,0,0,1,0,0,1,1,1,0,NA,NA,NA,NA,NA,NA,NA,NA,NA,NA,NA,NA,NA,NA,NA,NA,492,0,0,4,NA,NA
0,0,0,0,0,0,0,0,0,0,0,4,0,0,0,0,0,0,NA,NA,NA,NA,NA,NA,NA,NA,NA,NA,NA,NA,NA,NA,NA,NA,493,0,0,4,NA,NA
0,0,0,0,0,0,0,0,0,0,0,0,2,0,0,0,0,0,NA,NA,NA,NA,NA,NA,NA,NA,NA,NA,NA,NA,NA,NA,NA,NA,494,0,0,2,NA,NA
0,0,0,0,0,0,0,0,0,0,0,0,0,0,0,0,0,0,NA,NA,NA,NA,NA,NA,NA,NA,NA,NA,NA,NA,NA,NA,NA,NA,495,0,0,0,NA,NA
0,0,0,0,0,0,0,0,0,0,0,1,1,0,0,0,0,0,NA,NA,NA,NA,NA,NA,NA,NA,NA,NA,NA,NA,NA,NA,NA,NA,496,0,0,2,NA,NA
0,0,0,0,0,0,0,0,0,0,0,0,1,1,0,0,1,0,NA,NA,NA,NA,NA,NA,NA,NA,NA,NA,NA,NA,NA,NA,NA,NA,497,0,0,3,NA,NA
0,0,0,0,0,0,0,0,0,0,0,3,3,1,5,1,0,0,NA,NA,NA,NA,NA,NA,NA,NA,NA,NA,NA,NA,NA,NA,NA,NA,498,0,0,13,NA,NA
0,0,0,0,0,0,0,0,0,0,0,0,0,0,0,0,0,0,NA,NA,NA,NA,NA,NA,NA,NA,NA,NA,NA,NA,NA,NA,NA,NA,499,0,0,0,NA,NA
0,0,0,0,0,0,0,0,0,0,2,2,0,1,1,0,0,1,NA,NA,NA,NA,NA,NA,NA,NA,NA,NA,NA,NA,NA,NA,NA,NA,500,0,0,7,NA,NA
0,0,0,0,0,0,0,0,0,0,0,0,0,0,0,0,0,0,NA,NA,NA,NA,NA,NA,NA,NA,NA,NA,NA,NA,NA,NA,NA,NA,501,0,0,0,NA,NA
0,0,0,0,1,0,0,0,0,0,0,0,0,0,0,0,0,0,NA,NA,NA,NA,NA,NA,NA,NA,NA,NA,NA,NA,NA,NA,NA,NA,502,1,0,0,NA,NA
0,0,0,0,0,0,0,0,0,0,0,0,2,2,2,0,2,1,NA,NA,NA,NA,NA,NA,NA,NA,NA,NA,NA,NA,NA,NA,NA,NA,503,0,0,9,NA,NA
0,0,0,0,0,0,0,0,0,0,1,3,1,4,1,1,0,0,NA,NA,NA,NA,NA,NA,NA,NA,NA,NA,NA,NA,NA,NA,NA,NA,504,0,0,11,NA,NA
0,0,0,0,0,0,0,0,0,0,1,1,0,1,0,1,1,0,NA,NA,NA,NA,NA,NA,NA,NA,NA,NA,NA,NA,NA,NA,NA,NA,505,0,0,5,NA,NA
0,0,0,0,0,0,0,0,0,0,0,0,0,1,0,2,0,0,NA,NA,NA,NA,NA,NA,NA,NA,NA,NA,NA,NA,NA,NA,NA,NA,506,0,0,3,NA,NA
0,0,0,0,0,0,0,0,0,1,0,2,1,0,0,0,0,0,NA,NA,NA,NA,NA,NA,NA,NA,NA,NA,NA,NA,NA,NA,NA,NA,507,0,1,3,NA,NA
0,0,0,0,0,0,0,0,0,0,0,0,0,0,1,0,0,0,NA,NA,NA,NA,NA,NA,NA,NA,NA,NA,NA,NA,NA,NA,NA,NA,508,0,0,1,NA,NA
0,0,0,0,0,0,0,0,0,0,0,0,0,0,1,0,0,0,NA,NA,NA,NA,NA,NA,NA,NA,NA,NA,NA,NA,NA,NA,NA,NA,509,0,0,1,NA,NA
0,0,0,0,0,0,0,0,0,0,0,0,0,0,0,0,0,0,NA,NA,NA,NA,NA,NA,NA,NA,NA,NA,NA,NA,NA,NA,NA,NA,510,0,0,0,NA,NA
0,0,0,0,0,0,0,0,0,0,0,1,0,1,0,1,0,0,NA,NA,NA,NA,NA,NA,NA,NA,NA,NA,NA,NA,NA,NA,NA,NA,511,0,0,3,NA,NA
0,0,0,0,0,0,0,0,0,0,0,0,1,0,1,0,1,0,NA,NA,NA,NA,NA,NA,NA,NA,NA,NA,NA,NA,NA,NA,NA,NA,512,0,0,3,NA,NA
0,0,0,0,0,0,0,0,0,0,1,0,0,1,2,0,0,0,NA,NA,NA,NA,NA,NA,NA,NA,NA,NA,NA,NA,NA,NA,NA,NA,513,0,0,4,NA,NA
0,0,0,0,0,0,0,0,0,0,0,0,0,2,3,0,0,0,NA,NA,NA,NA,NA,NA,NA,NA,NA,NA,NA,NA,NA,NA,NA,NA,514,0,0,5,NA,NA
0,0,0,0,1,0,0,0,0,0,0,0,0,0,0,0,0,1,NA,NA,NA,NA,NA,NA,NA,NA,NA,NA,NA,NA,NA,NA,NA,NA,515,1,0,1,NA,NA
0,0,0,0,0,0,0,0,0,0,0,0,0,0,0,0,0,0,NA,NA,NA,NA,NA,NA,NA,NA,NA,NA,NA,NA,NA,NA,NA,NA,516,0,0,0,NA,NA
0,0,0,0,0,0,0,0,0,0,0,4,1,1,2,0,0,0,NA,NA,NA,NA,NA,NA,NA,NA,NA,NA,NA,NA,NA,NA,NA,NA,517,0,0,8,NA,NA
0,0,0,0,0,0,0,0,0,0,0,1,1,1,2,2,0,0,NA,NA,NA,NA,NA,NA,NA,NA,NA,NA,NA,NA,NA,NA,NA,NA,518,0,0,7,NA,NA
0,0,0,0,0,0,0,0,0,0,0,0,1,0,0,0,0,0,NA,NA,NA,NA,NA,NA,NA,NA,NA,NA,NA,NA,NA,NA,NA,NA,519,0,0,1,NA,NA
0,0,0,0,0,0,0,0,0,0,0,0,0,2,1,0,0,0,NA,NA,NA,NA,NA,NA,NA,NA,NA,NA,NA,NA,NA,NA,NA,NA,520,0,0,3,NA,NA
0,0,0,0,0,0,0,0,0,0,0,0,0,0,1,1,0,0,NA,NA,NA,NA,NA,NA,NA,NA,NA,NA,NA,NA,NA,NA,NA,NA,521,0,0,2,NA,NA
0,0,0,0,0,0,0,0,0,0,0,0,1,2,0,1,3,0,NA,NA,NA,NA,NA,NA,NA,NA,NA,NA,NA,NA,NA,NA,NA,NA,522,0,0,7,NA,NA
0,1,0,0,0,0,0,0,0,0,0,0,0,0,0,0,0,0,NA,NA,NA,NA,NA,NA,NA,NA,NA,NA,NA,NA,NA,NA,NA,NA,523,1,0,0,NA,NA
0,0,0,0,0,0,0,0,0,0,0,0,4,2,1,2,1,0,NA,NA,NA,NA,NA,NA,NA,NA,NA,NA,NA,NA,NA,NA,NA,NA,524,0,0,10,NA,NA
0,0,0,0,0,0,0,0,0,0,0,0,0,3,2,2,4,0,NA,NA,NA,NA,NA,NA,NA,NA,NA,NA,NA,NA,NA,NA,NA,NA,525,0,0,11,NA,NA
0,0,0,0,0,0,0,0,0,0,0,2,5,0,1,1,0,0,NA,NA,NA,NA,NA,NA,NA,NA,NA,NA,NA,NA,NA,NA,NA,NA,526,0,0,9,NA,NA
0,0,0,1,0,0,0,0,0,0,0,0,0,3,0,2,1,1,NA,NA,NA,NA,NA,NA,NA,NA,NA,NA,NA,NA,NA,NA,NA,NA,527,1,0,7,NA,NA
0,0,0,0,0,0,0,0,0,0,0,0,1,1,0,0,0,0,NA,NA,NA,NA,NA,NA,NA,NA,NA,NA,NA,NA,NA,NA,NA,NA,528,0,0,2,NA,NA
0,0,0,0,0,0,0,0,0,0,0,1,0,2,2,1,0,0,NA,NA,NA,NA,NA,NA,NA,NA,NA,NA,NA,NA,NA,NA,NA,NA,529,0,0,6,NA,NA
0,0,0,0,0,0,0,0,0,0,0,1,0,0,0,0,0,0,NA,NA,NA,NA,NA,NA,NA,NA,NA,NA,NA,NA,NA,NA,NA,NA,530,0,0,1,NA,NA
0,0,0,0,0,0,0,0,0,0,0,1,2,2,1,3,0,0,NA,NA,NA,NA,NA,NA,NA,NA,NA,NA,NA,NA,NA,NA,NA,NA,531,0,0,9,NA,NA
0,0,0,0,0,0,0,0,0,0,1,0,3,0,1,1,1,0,NA,NA,NA,NA,NA,NA,NA,NA,NA,NA,NA,NA,NA,NA,NA,NA,532,0,0,7,NA,NA
0,0,0,0,0,0,0,0,0,0,0,0,0,2,0,0,0,0,NA,NA,NA,NA,NA,NA,NA,NA,NA,NA,NA,NA,NA,NA,NA,NA,533,0,0,2,NA,NA
0,0,0,0,0,0,0,0,0,0,0,1,1,2,0,1,0,1,NA,NA,NA,NA,NA,NA,NA,NA,NA,NA,NA,NA,NA,NA,NA,NA,534,0,0,6,NA,NA
0,0,0,0,1,0,0,0,0,0,0,0,1,1,1,0,0,1,NA,NA,NA,NA,NA,NA,NA,NA,NA,NA,NA,NA,NA,NA,NA,NA,535,1,0,4,NA,NA
0,0,0,0,0,0,0,0,0,0,0,0,1,0,0,0,0,0,NA,NA,NA,NA,NA,NA,NA,NA,NA,NA,NA,NA,NA,NA,NA,NA,536,0,0,1,NA,NA
0,0,0,0,0,0,0,0,0,0,0,0,0,2,0,0,1,0,NA,NA,NA,NA,NA,NA,NA,NA,NA,NA,NA,NA,NA,NA,NA,NA,537,0,0,3,NA,NA
0,0,0,0,0,0,0,0,0,0,1,0,2,0,1,0,0,0,NA,NA,NA,NA,NA,NA,NA,NA,NA,NA,NA,NA,NA,NA,NA,NA,538,0,0,4,NA,NA
1,0,0,0,0,0,0,0,0,0,0,1,0,6,1,0,0,0,NA,NA,NA,NA,NA,NA,NA,NA,NA,NA,NA,NA,NA,NA,NA,NA,539,1,0,8,NA,NA
0,0,0,0,0,0,0,0,0,0,0,0,0,2,0,0,0,1,NA,NA,NA,NA,NA,NA,NA,NA,NA,NA,NA,NA,NA,NA,NA,NA,540,0,0,3,NA,NA
0,0,0,0,0,0,0,0,0,0,0,1,0,1,0,0,1,0,NA,NA,NA,NA,NA,NA,NA,NA,NA,NA,NA,NA,NA,NA,NA,NA,541,0,0,3,NA,NA
0,0,0,0,0,0,0,0,0,0,0,1,0,2,1,0,0,0,NA,NA,NA,NA,NA,NA,NA,NA,NA,NA,NA,NA,NA,NA,NA,NA,542,0,0,4,NA,NA
0,0,0,0,0,0,0,0,0,0,0,1,0,0,0,0,0,0,NA,NA,NA,NA,NA,NA,NA,NA,NA,NA,NA,NA,NA,NA,NA,NA,543,0,0,1,NA,NA
0,0,0,0,0,0,0,0,0,0,0,0,0,0,0,0,1,0,NA,NA,NA,NA,NA,NA,NA,NA,NA,NA,NA,NA,NA,NA,NA,NA,544,0,0,1,NA,NA
0,0,0,0,0,0,0,0,0,0,0,0,0,1,1,0,0,0,NA,NA,NA,NA,NA,NA,NA,NA,NA,NA,NA,NA,NA,NA,NA,NA,545,0,0,2,NA,NA
0,0,0,0,0,0,0,0,0,0,0,0,0,0,0,0,0,0,NA,NA,NA,NA,NA,NA,NA,NA,NA,NA,NA,NA,NA,NA,NA,NA,546,0,0,0,NA,NA
0,0,0,0,0,0,0,0,0,0,0,0,1,1,1,1,0,1,NA,NA,NA,NA,NA,NA,NA,NA,NA,NA,NA,NA,NA,NA,NA,NA,547,0,0,5,NA,NA
0,0,0,0,0,0,0,0,0,0,0,0,0,1,0,0,0,0,NA,NA,NA,NA,NA,NA,NA,NA,NA,NA,NA,NA,NA,NA,NA,NA,548,0,0,1,NA,NA
0,0,0,0,0,0,0,0,0,0,0,0,0,0,0,1,0,0,NA,NA,NA,NA,NA,NA,NA,NA,NA,NA,NA,NA,NA,NA,NA,NA,549,0,0,1,NA,NA
0,0,0,0,0,0,0,0,0,0,0,0,0,0,1,1,0,1,NA,NA,NA,NA,NA,NA,NA,NA,NA,NA,NA,NA,NA,NA,NA,NA,550,0,0,3,NA,NA
0,0,0,1,0,0,0,0,0,0,0,0,1,1,0,1,1,0,NA,NA,NA,NA,NA,NA,NA,NA,NA,NA,NA,NA,NA,NA,NA,NA,551,1,0,4,NA,NA
0,0,0,0,0,0,0,0,0,0,0,0,0,0,1,0,0,0,NA,NA,NA,NA,NA,NA,NA,NA,NA,NA,NA,NA,NA,NA,NA,NA,552,0,0,1,NA,NA
0,0,0,0,0,0,0,0,0,1,0,0,1,1,1,0,1,0,NA,NA,NA,NA,NA,NA,NA,NA,NA,NA,NA,NA,NA,NA,NA,NA,553,0,1,4,NA,NA
0,0,0,0,0,0,0,0,0,0,0,0,0,0,0,1,0,0,NA,NA,NA,NA,NA,NA,NA,NA,NA,NA,NA,NA,NA,NA,NA,NA,554,0,0,1,NA,NA
0,0,0,0,0,0,0,0,0,0,0,2,0,0,0,0,0,0,NA,NA,NA,NA,NA,NA,NA,NA,NA,NA,NA,NA,NA,NA,NA,NA,555,0,0,2,NA,NA
0,0,0,0,0,0,0,0,0,0,0,0,0,1,0,0,0,0,NA,NA,NA,NA,NA,NA,NA,NA,NA,NA,NA,NA,NA,NA,NA,NA,556,0,0,1,NA,NA
0,0,0,0,0,0,0,0,0,0,0,0,2,1,0,1,0,0,NA,NA,NA,NA,NA,NA,NA,NA,NA,NA,NA,NA,NA,NA,NA,NA,557,0,0,4,NA,NA
0,0,0,0,0,0,0,0,0,0,0,0,0,0,0,0,0,0,NA,NA,NA,NA,NA,NA,NA,NA,NA,NA,NA,NA,NA,NA,NA,NA,558,0,0,0,NA,NA
0,0,0,0,0,0,0,0,0,0,1,0,0,3,3,1,1,0,NA,NA,NA,NA,NA,NA,NA,NA,NA,NA,NA,NA,NA,NA,NA,NA,559,0,0,9,NA,NA
0,0,2,1,0,0,0,0,0,0,0,0,5,5,3,3,4,0,NA,NA,NA,NA,NA,NA,NA,NA,NA,NA,NA,NA,NA,NA,NA,NA,560,3,0,20,NA,NA
0,1,0,1,1,0,0,0,0,0,0,1,3,4,3,0,1,1,NA,NA,NA,NA,NA,NA,NA,NA,NA,NA,NA,NA,NA,NA,NA,NA,561,3,0,13,NA,NA
1,0,0,0,0,0,0,0,0,0,0,0,1,4,5,1,5,0,NA,NA,NA,NA,NA,NA,NA,NA,NA,NA,NA,NA,NA,NA,NA,NA,562,1,0,16,NA,NA
1,0,0,0,0,0,0,0,0,0,1,1,1,4,2,7,1,1,NA,NA,NA,NA,NA,NA,NA,NA,NA,NA,NA,NA,NA,NA,NA,NA,563,1,0,18,NA,NA
3,1,1,0,0,0,0,0,0,0,1,2,2,4,3,1,1,0,NA,NA,NA,NA,NA,NA,NA,NA,NA,NA,NA,NA,NA,NA,NA,NA,564,5,0,14,NA,NA
0,0,0,1,1,0,0,0,0,0,0,0,1,2,1,0,2,1,NA,NA,NA,NA,NA,NA,NA,NA,NA,NA,NA,NA,NA,NA,NA,NA,565,2,0,7,NA,NA
1,2,3,1,1,0,0,0,0,0,2,0,5,10,6,8,4,3,NA,NA,NA,NA,NA,NA,NA,NA,NA,NA,NA,NA,NA,NA,NA,NA,566,8,0,38,NA,NA
0,0,0,0,0,0,0,0,0,0,0,5,12,10,4,1,3,0,NA,NA,NA,NA,NA,NA,NA,NA,NA,NA,NA,NA,NA,NA,NA,NA,567,0,0,35,NA,NA
1,1,0,0,0,0,0,0,1,0,1,4,12,19,14,0,2,0,NA,NA,NA,NA,NA,NA,NA,NA,NA,NA,NA,NA,NA,NA,NA,NA,568,2,1,52,NA,NA
0,0,0,0,0,0,0,0,0,0,2,4,7,10,7,7,3,2,NA,NA,NA,NA,NA,NA,NA,NA,NA,NA,NA,NA,NA,NA,NA,NA,569,0,0,42,NA,NA
0,1,0,2,0,0,0,0,0,0,4,11,14,17,8,7,3,0,NA,NA,NA,NA,NA,NA,NA,NA,NA,NA,NA,NA,NA,NA,NA,NA,570,3,0,64,NA,NA
1,1,1,3,1,0,0,0,0,0,1,0,6,10,8,7,3,2,NA,NA,NA,NA,NA,NA,NA,NA,NA,NA,NA,NA,NA,NA,NA,NA,571,7,0,37,NA,NA
0,1,1,0,1,0,0,1,0,0,0,0,5,10,9,6,2,1,NA,NA,NA,NA,NA,NA,NA,NA,NA,NA,NA,NA,NA,NA,NA,NA,572,3,1,33,NA,NA
1,0,4,1,4,0,0,0,0,0,7,22,22,38,19,21,6,5,NA,NA,NA,NA,NA,NA,NA,NA,NA,NA,NA,NA,NA,NA,NA,NA,573,10,0,140,NA,NA
4,2,3,3,1,0,0,0,0,1,6,7,45,53,28,24,13,7,NA,NA,NA,NA,NA,NA,NA,NA,NA,NA,NA,NA,NA,NA,NA,NA,574,13,1,183,NA,NA
2,2,4,3,2,0,0,1,0,0,9,13,45,61,38,30,17,4,NA,NA,NA,NA,NA,NA,NA,NA,NA,NA,NA,NA,NA,NA,NA,NA,575,13,1,217,NA,NA
5,2,3,2,3,0,0,0,0,1,7,17,40,44,35,26,14,6,NA,NA,NA,NA,NA,NA,NA,NA,NA,NA,NA,NA,NA,NA,NA,NA,576,15,1,189,NA,NA
6,2,3,3,4,0,0,0,0,0,15,24,51,58,47,29,19,6,NA,NA,NA,NA,NA,NA,NA,NA,NA,NA,NA,NA,NA,NA,NA,NA,577,18,0,249,NA,NA
3,0,4,2,1,0,0,0,0,2,8,14,16,23,9,14,10,5,NA,NA,NA,NA,NA,NA,NA,NA,NA,NA,NA,NA,NA,NA,NA,NA,578,10,2,99,NA,NA
5,0,3,1,3,0,0,0,1,1,3,12,17,25,16,16,4,3,NA,NA,NA,NA,NA,NA,NA,NA,NA,NA,NA,NA,NA,NA,NA,NA,579,12,2,96,NA,NA
10,2,5,7,5,0,0,1,0,0,20,52,115,116,93,78,37,13,NA,NA,NA,NA,NA,NA,NA,NA,NA,NA,NA,NA,NA,NA,NA,NA,580,29,1,524,NA,NA
11,6,5,6,2,0,0,0,0,0,15,49,115,139,113,68,29,18,NA,NA,NA,NA,NA,NA,NA,NA,NA,NA,NA,NA,NA,NA,NA,NA,581,30,0,546,NA,NA
6,5,9,6,9,0,0,0,0,0,19,71,136,156,121,74,46,17,NA,NA,NA,NA,NA,NA,NA,NA,NA,NA,NA,NA,NA,NA,NA,NA,582,35,0,640,NA,NA
4,5,10,8,4,0,0,0,0,2,29,63,153,175,125,87,44,11,NA,NA,NA,NA,NA,NA,NA,NA,NA,NA,NA,NA,NA,NA,NA,NA,583,31,2,687,NA,NA
5,4,9,6,16,0,0,0,0,1,25,88,146,189,120,80,43,32,NA,NA,NA,NA,NA,NA,NA,NA,NA,NA,NA,NA,NA,NA,NA,NA,584,40,1,723,NA,NA
5,7,9,2,7,0,0,1,4,2,16,34,70,70,68,46,19,24,NA,NA,NA,NA,NA,NA,NA,NA,NA,NA,NA,NA,NA,NA,NA,NA,585,30,7,347,NA,NA
6,5,3,3,7,0,0,0,0,0,15,46,58,76,54,50,24,17,NA,NA,NA,NA,NA,NA,NA,NA,NA,NA,NA,NA,NA,NA,NA,NA,586,24,0,340,NA,NA
6,4,12,11,7,0,0,1,3,2,29,128,231,301,209,154,76,31,NA,NA,NA,NA,NA,NA,NA,NA,NA,NA,NA,NA,NA,NA,NA,NA,587,40,6,1159,NA,NA
12,7,9,6,19,0,0,0,1,2,32,143,256,331,262,190,81,60,NA,NA,NA,NA,NA,NA,NA,NA,NA,NA,NA,NA,NA,NA,NA,NA,588,53,3,1355,NA,NA
11,5,16,13,5,0,0,1,2,3,32,136,243,301,211,172,78,35,NA,NA,NA,NA,NA,NA,NA,NA,NA,NA,NA,NA,NA,NA,NA,NA,589,50,6,1208,NA,NA
13,6,5,3,10,0,0,0,1,1,33,183,322,382,295,155,62,33,NA,NA,NA,NA,NA,NA,NA,NA,NA,NA,NA,NA,NA,NA,NA,NA,590,37,2,1465,NA,NA
10,8,13,8,16,0,0,1,3,0,44,186,280,332,273,177,90,52,NA,NA,NA,NA,NA,NA,NA,NA,NA,NA,NA,NA,NA,NA,NA,NA,591,55,4,1434,NA,NA
5,2,3,9,5,0,0,1,4,5,7,39,47,54,35,25,18,12,NA,NA,NA,NA,NA,NA,NA,NA,NA,NA,NA,NA,NA,NA,NA,NA,592,24,10,237,NA,NA
10,3,0,4,2,0,0,0,3,3,4,18,17,24,15,19,12,7,NA,NA,NA,NA,NA,NA,NA,NA,NA,NA,NA,NA,NA,NA,NA,NA,593,19,6,116,NA,NA
14,8,15,19,22,0,0,2,2,5,74,325,398,560,463,367,128,63,NA,NA,NA,NA,NA,NA,NA,NA,NA,NA,NA,NA,NA,NA,NA,NA,594,78,9,2378,NA,NA
16,13,15,12,12,1,0,2,1,3,66,308,342,428,312,230,95,55,NA,NA,NA,NA,NA,NA,NA,NA,NA,NA,NA,NA,NA,NA,NA,NA,595,68,7,1836,NA,NA
13,12,12,17,13,1,0,1,1,4,62,288,279,351,293,223,118,49,NA,NA,NA,NA,NA,NA,NA,NA,NA,NA,NA,NA,NA,NA,NA,NA,596,67,7,1663,NA,NA
10,6,14,14,13,0,1,2,4,2,55,211,222,275,225,194,115,67,NA,NA,NA,NA,NA,NA,NA,NA,NA,NA,NA,NA,NA,NA,NA,NA,597,57,9,1364,NA,NA
6,11,11,11,8,0,2,0,3,6,52,177,182,201,193,148,78,34,NA,NA,NA,NA,NA,NA,NA,NA,NA,NA,NA,NA,NA,NA,NA,NA,598,47,11,1065,NA,NA
5,3,7,9,6,0,1,1,5,4,12,14,25,40,26,39,28,11,NA,NA,NA,NA,NA,NA,NA,NA,NA,NA,NA,NA,NA,NA,NA,NA,599,30,11,195,NA,NA
2,6,9,11,14,1,0,5,4,8,2,19,20,30,35,29,23,23,NA,NA,NA,NA,NA,NA,NA,NA,NA,NA,NA,NA,NA,NA,NA,NA,600,42,18,181,NA,NA
12,2,13,19,12,0,0,0,5,8,46,142,213,285,256,202,93,34,NA,NA,NA,NA,NA,NA,NA,NA,NA,NA,NA,NA,NA,NA,NA,NA,601,58,13,1271,NA,NA
5,3,10,10,18,0,0,6,5,7,44,96,124,194,170,141,74,53,NA,NA,NA,NA,NA,NA,NA,NA,NA,NA,NA,NA,NA,NA,NA,NA,602,46,18,896,NA,NA
4,4,10,14,14,0,1,1,5,5,18,58,120,156,135,105,58,43,NA,NA,NA,NA,NA,NA,NA,NA,NA,NA,NA,NA,NA,NA,NA,NA,603,46,12,693,NA,NA
6,2,6,4,9,0,0,3,6,6,17,66,93,97,84,74,46,33,NA,NA,NA,NA,NA,NA,NA,NA,NA,NA,NA,NA,NA,NA,NA,NA,604,27,15,510,NA,NA
5,5,7,13,10,0,0,2,3,8,15,50,70,101,87,87,54,26,NA,NA,NA,NA,NA,NA,NA,NA,NA,NA,NA,NA,NA,NA,NA,NA,605,40,13,490,NA,NA
6,4,9,9,13,0,1,0,8,5,7,13,22,27,29,34,23,22,NA,NA,NA,NA,NA,NA,NA,NA,NA,NA,NA,NA,NA,NA,NA,NA,606,41,14,177,NA,NA
4,3,5,10,8,0,0,2,2,4,3,2,14,14,15,13,21,12,NA,NA,NA,NA,NA,NA,NA,NA,NA,NA,NA,NA,NA,NA,NA,NA,607,30,8,94,NA,NA
6,3,9,7,8,0,1,1,3,5,16,33,85,142,118,97,36,29,NA,NA,NA,NA,NA,NA,NA,NA,NA,NA,NA,NA,NA,NA,NA,NA,608,33,10,556,NA,NA
6,3,6,10,7,0,0,2,2,7,12,34,60,76,58,44,38,26,NA,NA,NA,NA,NA,NA,NA,NA,NA,NA,NA,NA,NA,NA,NA,NA,609,32,11,348,NA,NA
3,3,3,13,10,1,1,0,3,7,12,20,44,65,55,40,34,28,NA,NA,NA,NA,NA,NA,NA,NA,NA,NA,NA,NA,NA,NA,NA,NA,610,32,12,298,NA,NA
7,1,2,6,8,0,2,3,5,6,7,21,30,53,37,26,23,24,NA,NA,NA,NA,NA,NA,NA,NA,NA,NA,NA,NA,NA,NA,NA,NA,611,24,16,221,NA,NA
5,3,3,5,9,1,2,2,2,5,6,23,35,35,46,31,19,17,NA,NA,NA,NA,NA,NA,NA,NA,NA,NA,NA,NA,NA,NA,NA,NA,612,25,12,212,NA,NA
0,3,2,3,3,0,0,1,3,3,0,7,15,13,17,13,11,7,NA,NA,NA,NA,NA,NA,NA,NA,NA,NA,NA,NA,NA,NA,NA,NA,613,11,7,83,NA,NA
4,1,3,2,6,1,2,3,4,2,1,2,4,11,10,11,7,12,NA,NA,NA,NA,NA,NA,NA,NA,NA,NA,NA,NA,NA,NA,NA,NA,614,16,12,58,NA,NA
7,2,4,8,9,0,0,2,0,2,9,16,48,52,43,38,24,20,NA,NA,NA,NA,NA,NA,NA,NA,NA,NA,NA,NA,NA,NA,NA,NA,615,30,4,250,NA,NA
4,4,3,4,3,0,1,1,4,4,9,16,23,33,26,21,11,11,NA,NA,NA,NA,NA,NA,NA,NA,NA,NA,NA,NA,NA,NA,NA,NA,616,18,10,150,NA,NA
4,1,4,2,11,1,0,1,1,3,6,10,24,25,25,25,10,19,NA,NA,NA,NA,NA,NA,NA,NA,NA,NA,NA,NA,NA,NA,NA,NA,617,22,6,144,NA,NA
6,1,0,3,4,0,2,2,1,3,5,6,23,26,18,19,14,11,NA,NA,NA,NA,NA,NA,NA,NA,NA,NA,NA,NA,NA,NA,NA,NA,618,14,8,122,NA,NA
3,1,1,6,6,1,1,1,1,4,7,11,22,19,19,26,13,13,NA,NA,NA,NA,NA,NA,NA,NA,NA,NA,NA,NA,NA,NA,NA,NA,619,17,8,130,NA,NA
0,2,1,2,1,0,2,2,3,3,0,5,2,7,10,5,5,5,NA,NA,NA,NA,NA,NA,NA,NA,NA,NA,NA,NA,NA,NA,NA,NA,620,6,10,39,NA,NA
2,0,0,2,1,0,1,1,1,2,2,4,0,3,5,2,2,3,NA,NA,NA,NA,NA,NA,NA,NA,NA,NA,NA,NA,NA,NA,NA,NA,621,5,5,21,NA,NA
2,2,4,6,7,0,1,1,3,1,11,6,15,20,31,13,17,16,NA,NA,NA,NA,NA,NA,NA,NA,NA,NA,NA,NA,NA,NA,NA,NA,622,21,6,129,NA,NA
2,4,1,2,2,0,0,0,0,2,1,3,21,15,16,9,5,4,NA,NA,NA,NA,NA,NA,NA,NA,NA,NA,NA,NA,NA,NA,NA,NA,623,11,2,74,NA,NA
5,3,1,3,8,0,1,0,0,0,2,5,8,21,13,8,7,11,NA,NA,NA,NA,NA,NA,NA,NA,NA,NA,NA,NA,NA,NA,NA,NA,624,20,1,75,NA,NA
1,3,0,1,4,1,0,0,1,4,2,3,5,17,11,7,8,8,NA,NA,NA,NA,NA,NA,NA,NA,NA,NA,NA,NA,NA,NA,NA,NA,625,9,6,61,NA,NA
2,0,0,1,4,0,0,0,0,1,9,4,8,10,7,13,5,10,NA,NA,NA,NA,NA,NA,NA,NA,NA,NA,NA,NA,NA,NA,NA,NA,626,7,1,66,NA,NA
0,0,1,0,1,0,0,0,0,4,0,2,7,3,1,7,0,2,NA,NA,NA,NA,NA,NA,NA,NA,NA,NA,NA,NA,NA,NA,NA,NA,627,2,4,22,NA,NA
1,0,1,3,3,0,0,2,0,0,0,4,5,4,3,2,5,5,NA,NA,NA,NA,NA,NA,NA,NA,NA,NA,NA,NA,NA,NA,NA,NA,628,8,2,28,NA,NA
0,0,3,0,1,0,0,0,1,1,4,9,15,26,16,14,8,5,NA,NA,NA,NA,NA,NA,NA,NA,NA,NA,NA,NA,NA,NA,NA,NA,629,4,2,97,NA,NA
0,1,2,1,3,0,0,0,2,1,2,5,12,11,10,9,4,6,NA,NA,NA,NA,NA,NA,NA,NA,NA,NA,NA,NA,NA,NA,NA,NA,630,7,3,59,NA,NA
2,0,2,0,2,0,1,0,1,0,1,7,9,2,9,10,5,5,NA,NA,NA,NA,NA,NA,NA,NA,NA,NA,NA,NA,NA,NA,NA,NA,631,6,2,48,NA,NA
3,0,1,0,0,0,0,0,0,2,5,3,8,6,4,4,2,0,NA,NA,NA,NA,NA,NA,NA,NA,NA,NA,NA,NA,NA,NA,NA,NA,632,4,2,32,NA,NA
2,0,2,1,3,0,0,0,1,1,4,3,4,8,7,4,3,3,NA,NA,NA,NA,NA,NA,NA,NA,NA,NA,NA,NA,NA,NA,NA,NA,633,8,2,36,NA,NA
1,0,2,0,1,0,1,0,1,0,0,2,1,3,0,2,1,1,NA,NA,NA,NA,NA,NA,NA,NA,NA,NA,NA,NA,NA,NA,NA,NA,634,4,2,10,NA,NA
0,0,2,2,0,0,0,0,0,1,0,0,0,0,0,3,2,0,NA,NA,NA,NA,NA,NA,NA,NA,NA,NA,NA,NA,NA,NA,NA,NA,635,4,1,5,NA,NA
2,2,0,2,1,0,0,0,0,0,4,10,8,14,12,11,5,4,NA,NA,NA,NA,NA,NA,NA,NA,NA,NA,NA,NA,NA,NA,NA,NA,636,7,0,68,NA,NA
1,2,0,0,1,0,0,0,1,1,4,10,2,6,7,5,3,3,NA,NA,NA,NA,NA,NA,NA,NA,NA,NA,NA,NA,NA,NA,NA,NA,637,4,2,40,NA,NA
1,0,2,1,0,0,0,0,1,0,4,3,1,7,2,4,6,1,NA,NA,NA,NA,NA,NA,NA,NA,NA,NA,NA,NA,NA,NA,NA,NA,638,4,1,28,NA,NA
0,0,0,1,0,0,0,0,0,1,1,3,0,7,4,4,4,2,NA,NA,NA,NA,NA,NA,NA,NA,NA,NA,NA,NA,NA,NA,NA,NA,639,1,1,25,NA,NA
2,1,0,0,0,0,0,0,0,0,0,2,7,5,10,5,2,0,NA,NA,NA,NA,NA,NA,NA,NA,NA,NA,NA,NA,NA,NA,NA,NA,640,3,0,31,NA,NA
0,0,0,1,0,0,0,0,0,0,0,2,2,3,2,1,2,0,NA,NA,NA,NA,NA,NA,NA,NA,NA,NA,NA,NA,NA,NA,NA,NA,641,1,0,12,NA,NA
0,0,0,4,0,0,0,0,0,0,0,0,0,0,1,0,4,0,NA,NA,NA,NA,NA,NA,NA,NA,NA,NA,NA,NA,NA,NA,NA,NA,642,4,0,5,NA,NA
2,1,1,0,0,0,0,0,0,0,1,5,4,6,5,5,1,1,NA,NA,NA,NA,NA,NA,NA,NA,NA,NA,NA,NA,NA,NA,NA,NA,643,4,0,28,NA,NA
1,0,1,1,1,0,0,0,0,1,2,3,5,5,3,2,1,1,NA,NA,NA,NA,NA,NA,NA,NA,NA,NA,NA,NA,NA,NA,NA,NA,644,4,1,22,NA,NA
0,0,0,0,1,0,0,1,0,0,1,1,2,0,4,6,0,3,NA,NA,NA,NA,NA,NA,NA,NA,NA,NA,NA,NA,NA,NA,NA,NA,645,1,1,17,NA,NA
0,1,0,1,0,0,0,0,0,0,1,1,0,10,2,0,4,0,NA,NA,NA,NA,NA,NA,NA,NA,NA,NA,NA,NA,NA,NA,NA,NA,646,2,0,18,NA,NA
2,0,0,0,0,0,0,0,0,0,1,3,3,1,1,1,0,1,NA,NA,NA,NA,NA,NA,NA,NA,NA,NA,NA,NA,NA,NA,NA,NA,647,2,0,11,NA,NA
0,0,0,0,0,0,0,0,0,1,0,0,0,2,0,0,2,3,NA,NA,NA,NA,NA,NA,NA,NA,NA,NA,NA,NA,NA,NA,NA,NA,648,0,1,7,NA,NA
0,0,0,0,0,0,0,0,1,0,0,1,1,0,0,0,0,0,NA,NA,NA,NA,NA,NA,NA,NA,NA,NA,NA,NA,NA,NA,NA,NA,649,0,1,2,NA,NA
1,0,1,0,0,0,0,0,0,0,2,4,3,9,5,6,3,0,NA,NA,NA,NA,NA,NA,NA,NA,NA,NA,NA,NA,NA,NA,NA,NA,650,2,0,32,NA,NA
2,1,0,0,1,0,0,0,2,0,4,2,3,6,6,3,1,1,NA,NA,NA,NA,NA,NA,NA,NA,NA,NA,NA,NA,NA,NA,NA,NA,651,4,2,26,NA,NA
0,0,0,0,1,0,0,0,2,0,1,0,2,1,1,3,2,2,NA,NA,NA,NA,NA,NA,NA,NA,NA,NA,NA,NA,NA,NA,NA,NA,652,1,2,12,NA,NA
0,0,0,0,0,0,0,1,0,0,0,3,2,1,1,3,0,0,NA,NA,NA,NA,NA,NA,NA,NA,NA,NA,NA,NA,NA,NA,NA,NA,653,0,1,10,NA,NA
0,0,0,0,0,1,0,0,0,0,1,0,0,0,3,3,0,1,NA,NA,NA,NA,NA,NA,NA,NA,NA,NA,NA,NA,NA,NA,NA,NA,654,0,1,8,NA,NA
1,0,0,0,0,0,0,0,0,0,0,0,1,0,1,0,0,0,NA,NA,NA,NA,NA,NA,NA,NA,NA,NA,NA,NA,NA,NA,NA,NA,655,1,0,2,NA,NA
1,0,0,0,1,0,0,0,0,0,1,0,0,1,0,1,0,1,NA,NA,NA,NA,NA,NA,NA,NA,NA,NA,NA,NA,NA,NA,NA,NA,656,2,0,4,NA,NA
0,1,0,0,0,0,0,0,0,0,0,2,2,3,3,3,0,0,NA,NA,NA,NA,NA,NA,NA,NA,NA,NA,NA,NA,NA,NA,NA,NA,657,1,0,13,NA,NA
0,0,0,0,0,0,0,0,0,0,0,1,2,1,4,0,0,0,NA,NA,NA,NA,NA,NA,NA,NA,NA,NA,NA,NA,NA,NA,NA,NA,658,0,0,8,NA,NA
0,0,0,0,0,0,0,0,0,0,1,1,1,3,2,3,0,0,NA,NA,NA,NA,NA,NA,NA,NA,NA,NA,NA,NA,NA,NA,NA,NA,659,0,0,11,NA,NA
0,0,0,0,0,0,0,0,0,0,0,1,1,1,2,1,0,0,NA,NA,NA,NA,NA,NA,NA,NA,NA,NA,NA,NA,NA,NA,NA,NA,660,0,0,6,NA,NA
0,0,0,0,0,0,0,0,0,0,1,0,0,2,0,3,0,0,NA,NA,NA,NA,NA,NA,NA,NA,NA,NA,NA,NA,NA,NA,NA,NA,661,0,0,6,NA,NA
0,0,0,0,0,0,0,0,0,0,0,0,0,1,0,0,1,0,NA,NA,NA,NA,NA,NA,NA,NA,NA,NA,NA,NA,NA,NA,NA,NA,662,0,0,2,NA,NA
0,0,0,0,0,0,0,0,0,0,0,0,0,1,0,0,0,0,NA,NA,NA,NA,NA,NA,NA,NA,NA,NA,NA,NA,NA,NA,NA,NA,663,0,0,1,NA,NA
0,0,0,0,0,0,0,0,0,0,1,0,0,5,0,2,1,0,NA,NA,NA,NA,NA,NA,NA,NA,NA,NA,NA,NA,NA,NA,NA,NA,664,0,0,9,NA,NA
0,0,0,0,0,0,0,0,0,0,1,1,2,0,2,0,3,1,NA,NA,NA,NA,NA,NA,NA,NA,NA,NA,NA,NA,NA,NA,NA,NA,665,0,0,10,NA,NA
0,0,0,0,1,0,0,0,0,0,2,0,0,0,1,1,0,1,NA,NA,NA,NA,NA,NA,NA,NA,NA,NA,NA,NA,NA,NA,NA,NA,666,1,0,5,NA,NA
0,0,0,0,0,0,0,0,0,0,1,0,0,1,1,0,0,0,NA,NA,NA,NA,NA,NA,NA,NA,NA,NA,NA,NA,NA,NA,NA,NA,667,0,0,3,NA,NA
0,0,0,0,0,0,0,0,0,0,0,0,0,1,0,0,1,0,NA,NA,NA,NA,NA,NA,NA,NA,NA,NA,NA,NA,NA,NA,NA,NA,668,0,0,2,NA,NA
0,0,0,0,0,0,0,0,0,0,0,0,1,0,1,1,0,0,NA,NA,NA,NA,NA,NA,NA,NA,NA,NA,NA,NA,NA,NA,NA,NA,669,0,0,3,NA,NA
0,0,0,0,0,0,0,0,0,0,0,0,1,0,0,0,0,2,NA,NA,NA,NA,NA,NA,NA,NA,NA,NA,NA,NA,NA,NA,NA,NA,670,0,0,3,NA,NA
0,0,0,0,0,0,0,0,0,0,0,0,3,1,1,1,1,0,NA,NA,NA,NA,NA,NA,NA,NA,NA,NA,NA,NA,NA,NA,NA,NA,671,0,0,7,NA,NA
1,0,0,1,0,0,0,0,0,0,0,0,4,0,0,1,3,1,NA,NA,NA,NA,NA,NA,NA,NA,NA,NA,NA,NA,NA,NA,NA,NA,672,2,0,9,NA,NA
0,0,0,0,0,0,0,0,0,0,0,0,1,2,0,0,0,0,NA,NA,NA,NA,NA,NA,NA,NA,NA,NA,NA,NA,NA,NA,NA,NA,673,0,0,3,NA,NA
0,0,0,0,0,0,0,0,0,0,0,0,1,1,1,1,1,0,NA,NA,NA,NA,NA,NA,NA,NA,NA,NA,NA,NA,NA,NA,NA,NA,674,0,0,5,NA,NA
0,0,0,0,0,0,0,0,0,0,0,0,1,1,0,0,4,0,NA,NA,NA,NA,NA,NA,NA,NA,NA,NA,NA,NA,NA,NA,NA,NA,675,0,0,6,NA,NA
0,0,0,0,0,0,0,0,0,0,0,0,2,2,0,1,1,0,NA,NA,NA,NA,NA,NA,NA,NA,NA,NA,NA,NA,NA,NA,NA,NA,676,0,0,6,NA,NA
0,0,0,0,0,0,0,0,0,0,0,0,0,0,0,0,0,0,NA,NA,NA,NA,NA,NA,NA,NA,NA,NA,NA,NA,NA,NA,NA,NA,677,0,0,0,NA,NA
0,0,0,0,0,0,0,0,0,0,0,1,0,0,0,2,0,1,NA,NA,NA,NA,NA,NA,NA,NA,NA,NA,NA,NA,NA,NA,NA,NA,678,0,0,4,NA,NA
0,0,0,0,0,0,0,0,0,0,0,1,0,0,0,0,0,0,NA,NA,NA,NA,NA,NA,NA,NA,NA,NA,NA,NA,NA,NA,NA,NA,679,0,0,1,NA,NA
0,0,0,0,0,0,0,0,0,0,0,0,1,0,0,0,0,0,NA,NA,NA,NA,NA,NA,NA,NA,NA,NA,NA,NA,NA,NA,NA,NA,680,0,0,1,NA,NA
0,0,0,0,0,0,0,0,0,0,0,1,0,0,0,0,0,1,NA,NA,NA,NA,NA,NA,NA,NA,NA,NA,NA,NA,NA,NA,NA,NA,681,0,0,2,NA,NA
0,0,0,0,0,0,0,0,0,0,0,0,0,0,0,0,1,0,NA,NA,NA,NA,NA,NA,NA,NA,NA,NA,NA,NA,NA,NA,NA,NA,682,0,0,1,NA,NA
0,0,0,0,0,0,0,0,0,0,0,0,0,0,0,0,0,1,NA,NA,NA,NA,NA,NA,NA,NA,NA,NA,NA,NA,NA,NA,NA,NA,683,0,0,1,NA,NA
0,0,0,0,0,0,0,0,0,0,0,0,0,0,0,0,0,0,NA,NA,NA,NA,NA,NA,NA,NA,NA,NA,NA,NA,NA,NA,NA,NA,684,0,0,0,NA,NA
0,0,0,0,0,0,0,0,0,0,0,0,1,0,1,2,1,0,NA,NA,NA,NA,NA,NA,NA,NA,NA,NA,NA,NA,NA,NA,NA,NA,685,0,0,5,NA,NA
0,0,0,0,0,0,0,0,0,0,0,1,2,0,0,0,2,0,NA,NA,NA,NA,NA,NA,NA,NA,NA,NA,NA,NA,NA,NA,NA,NA,686,0,0,5,NA,NA
0,0,0,0,0,0,0,0,0,0,1,0,0,1,0,0,0,1,NA,NA,NA,NA,NA,NA,NA,NA,NA,NA,NA,NA,NA,NA,NA,NA,687,0,0,3,NA,NA
0,0,0,0,0,0,0,0,0,0,1,0,0,1,0,0,0,0,NA,NA,NA,NA,NA,NA,NA,NA,NA,NA,NA,NA,NA,NA,NA,NA,688,0,0,2,NA,NA
0,0,0,0,0,0,0,0,0,0,0,1,0,1,0,0,0,0,NA,NA,NA,NA,NA,NA,NA,NA,NA,NA,NA,NA,NA,NA,NA,NA,689,0,0,2,NA,NA
0,0,0,0,0,0,0,0,0,0,0,0,0,2,1,1,0,0,NA,NA,NA,NA,NA,NA,NA,NA,NA,NA,NA,NA,NA,NA,NA,NA,690,0,0,4,NA,NA
0,0,0,0,0,0,0,0,0,0,0,0,0,1,0,0,0,0,NA,NA,NA,NA,NA,NA,NA,NA,NA,NA,NA,NA,NA,NA,NA,NA,691,0,0,1,NA,NA
0,0,0,0,0,0,0,0,0,0,0,1,0,0,0,0,1,0,NA,NA,NA,NA,NA,NA,NA,NA,NA,NA,NA,NA,NA,NA,NA,NA,692,0,0,2,NA,NA
0,0,0,0,0,0,0,0,0,0,2,0,0,1,1,0,0,1,NA,NA,NA,NA,NA,NA,NA,NA,NA,NA,NA,NA,NA,NA,NA,NA,693,0,0,5,NA,NA
0,0,0,0,0,0,0,0,0,0,0,0,0,1,0,0,0,1,NA,NA,NA,NA,NA,NA,NA,NA,NA,NA,NA,NA,NA,NA,NA,NA,694,0,0,2,NA,NA
0,0,0,0,0,0,0,0,0,0,0,0,0,0,1,2,0,0,NA,NA,NA,NA,NA,NA,NA,NA,NA,NA,NA,NA,NA,NA,NA,NA,695,0,0,3,NA,NA
0,0,0,0,0,0,0,0,0,0,0,0,0,2,0,0,1,0,NA,NA,NA,NA,NA,NA,NA,NA,NA,NA,NA,NA,NA,NA,NA,NA,696,0,0,3,NA,NA
0,0,0,0,0,0,0,0,0,0,0,0,0,0,0,1,0,0,NA,NA,NA,NA,NA,NA,NA,NA,NA,NA,NA,NA,NA,NA,NA,NA,697,0,0,1,NA,NA
0,0,0,0,0,0,0,0,0,0,0,0,0,0,0,1,0,0,NA,NA,NA,NA,NA,NA,NA,NA,NA,NA,NA,NA,NA,NA,NA,NA,698,0,0,1,NA,NA
0,0,0,0,0,0,0,0,0,0,0,1,0,0,3,0,0,0,NA,NA,NA,NA,NA,NA,NA,NA,NA,NA,NA,NA,NA,NA,NA,NA,699,0,0,4,NA,NA
0,0,0,0,0,0,0,0,0,0,0,2,0,1,0,0,0,0,103,105,54,48,56,22,169,163,92,79,113,57,NA,NA,NA,NA,700,0,0,3,388,673
0,0,0,0,0,0,0,0,0,0,0,1,1,0,0,0,0,0,NA,NA,NA,NA,NA,NA,NA,NA,NA,NA,NA,NA,NA,NA,NA,NA,701,0,0,2,NA,NA
0,0,0,0,0,0,0,0,0,0,0,0,0,0,0,0,0,0,NA,NA,NA,NA,NA,NA,NA,NA,NA,NA,NA,NA,NA,NA,NA,NA,702,0,0,0,NA,NA
0,0,0,0,0,0,0,0,0,0,1,1,0,1,2,0,0,0,NA,NA,NA,NA,NA,NA,NA,NA,NA,NA,NA,NA,NA,NA,NA,NA,703,0,0,5,NA,NA
0,0,0,0,0,0,0,0,0,0,0,1,2,1,1,2,1,0,NA,NA,NA,NA,NA,NA,NA,NA,NA,NA,NA,NA,NA,NA,NA,NA,704,0,0,8,NA,NA
0,0,0,0,0,0,0,0,0,0,0,0,0,0,0,0,0,0,NA,NA,NA,NA,NA,NA,NA,NA,NA,NA,NA,NA,NA,NA,NA,NA,705,0,0,0,NA,NA
0,0,0,0,0,0,0,0,0,0,0,0,0,1,0,1,2,0,NA,NA,NA,NA,NA,NA,NA,NA,NA,NA,NA,NA,NA,NA,NA,NA,706,0,0,4,NA,NA
0,0,0,0,0,0,0,0,0,0,0,0,0,0,0,0,0,0,NA,NA,NA,NA,NA,NA,NA,NA,NA,NA,NA,NA,NA,NA,NA,NA,707,0,0,0,NA,NA
0,0,0,0,0,0,0,0,0,0,0,0,0,0,2,1,1,0,NA,NA,NA,NA,NA,NA,NA,NA,NA,NA,NA,NA,NA,NA,NA,NA,708,0,0,4,NA,NA
0,0,0,0,0,0,0,0,0,0,1,1,0,0,1,0,1,1,NA,NA,NA,NA,NA,NA,NA,NA,NA,NA,NA,NA,NA,NA,NA,NA,709,0,0,5,NA,NA
0,0,0,0,0,0,0,0,0,0,0,0,1,0,1,1,0,0,NA,NA,NA,NA,NA,NA,NA,NA,NA,NA,NA,NA,NA,NA,NA,NA,710,0,0,3,NA,NA
0,0,0,0,0,0,0,0,0,0,2,0,1,0,1,0,0,0,NA,NA,NA,NA,NA,NA,NA,NA,NA,NA,NA,NA,NA,NA,NA,NA,711,0,0,4,NA,NA
0,0,0,0,0,0,0,0,0,0,0,1,0,1,0,1,0,1,NA,NA,NA,NA,NA,NA,NA,NA,NA,NA,NA,NA,NA,NA,NA,NA,712,0,0,4,NA,NA
0,0,0,0,0,0,0,0,0,0,1,1,3,2,4,0,0,0,NA,NA,NA,NA,NA,NA,NA,NA,NA,NA,NA,NA,NA,NA,NA,NA,713,0,0,11,NA,NA
0,0,0,0,0,0,0,0,0,0,1,0,1,2,0,0,0,0,NA,NA,NA,NA,NA,NA,NA,NA,NA,NA,NA,NA,NA,NA,NA,NA,714,0,0,4,NA,NA
0,0,0,0,0,0,0,0,0,0,0,1,2,3,0,0,0,0,NA,NA,NA,NA,NA,NA,NA,NA,NA,NA,NA,NA,NA,NA,NA,NA,715,0,0,6,NA,NA
0,0,0,0,0,0,0,0,0,0,2,2,0,4,3,3,3,1,NA,NA,NA,NA,NA,NA,NA,NA,NA,NA,NA,NA,NA,NA,NA,NA,716,0,0,18,NA,NA
0,0,0,0,0,0,0,0,0,0,0,1,2,1,1,1,0,2,NA,NA,NA,NA,NA,NA,NA,NA,NA,NA,NA,NA,NA,NA,NA,NA,717,0,0,8,NA,NA
0,0,0,0,0,0,0,0,0,0,0,2,2,0,1,0,0,1,NA,NA,NA,NA,NA,NA,NA,NA,NA,NA,NA,NA,NA,NA,NA,NA,718,0,0,6,NA,NA
0,0,0,0,0,0,0,0,0,0,0,1,2,1,1,1,0,0,NA,NA,NA,NA,NA,NA,NA,NA,NA,NA,NA,NA,NA,NA,NA,NA,719,0,0,6,NA,NA
0,0,0,0,0,0,0,0,0,0,0,4,3,2,3,6,2,0,NA,NA,NA,NA,NA,NA,NA,NA,NA,NA,NA,NA,NA,NA,NA,NA,720,0,0,20,NA,NA
0,0,0,0,0,0,0,0,0,0,0,1,2,1,3,2,0,0,NA,NA,NA,NA,NA,NA,NA,NA,NA,NA,NA,NA,NA,NA,NA,NA,721,0,0,9,NA,NA
0,0,0,0,0,0,0,0,0,0,1,1,5,0,1,1,1,2,NA,NA,NA,NA,NA,NA,NA,NA,NA,NA,NA,NA,NA,NA,NA,NA,722,0,0,12,NA,NA
0,0,0,0,0,0,0,0,0,0,0,4,6,1,5,3,1,2,NA,NA,NA,NA,NA,NA,NA,NA,NA,NA,NA,NA,NA,NA,NA,NA,723,0,0,22,NA,NA
0,0,0,0,0,0,0,0,0,0,1,1,3,1,2,3,0,0,NA,NA,NA,NA,NA,NA,NA,NA,NA,NA,NA,NA,NA,NA,NA,NA,724,0,0,11,NA,NA
0,0,0,0,0,0,0,0,0,0,1,5,3,1,3,0,0,0,NA,NA,NA,NA,NA,NA,NA,NA,NA,NA,NA,NA,NA,NA,NA,NA,725,0,0,13,NA,NA
0,0,0,0,0,0,0,0,0,0,3,3,3,6,5,2,0,1,NA,NA,NA,NA,NA,NA,NA,NA,NA,NA,NA,NA,NA,NA,NA,NA,726,0,0,23,NA,NA
0,0,0,0,0,0,0,0,0,0,1,7,8,11,7,11,4,1,NA,NA,NA,NA,NA,NA,NA,NA,NA,NA,NA,NA,NA,NA,NA,NA,727,0,0,50,NA,NA
0,0,0,0,0,0,0,0,0,0,0,3,3,3,6,2,0,0,NA,NA,NA,NA,NA,NA,NA,NA,NA,NA,NA,NA,NA,NA,NA,NA,728,0,0,17,NA,NA
0,0,0,0,0,0,0,0,0,0,1,2,4,3,6,1,2,0,NA,NA,NA,NA,NA,NA,NA,NA,NA,NA,NA,NA,NA,NA,NA,NA,729,0,0,19,NA,NA
1,0,0,0,0,0,0,0,0,0,0,2,5,4,5,5,0,1,NA,NA,NA,NA,NA,NA,NA,NA,NA,NA,NA,NA,NA,NA,NA,NA,730,1,0,22,NA,NA
0,0,0,0,0,0,0,0,0,0,4,8,5,8,6,6,1,0,NA,NA,NA,NA,NA,NA,NA,NA,NA,NA,NA,NA,NA,NA,NA,NA,731,0,0,38,NA,NA
0,0,0,0,0,0,0,0,0,0,5,9,4,4,5,3,0,0,NA,NA,NA,NA,NA,NA,NA,NA,NA,NA,NA,NA,NA,NA,NA,NA,732,0,0,30,NA,NA
0,0,0,0,0,0,0,0,0,0,2,4,1,3,2,4,0,1,NA,NA,NA,NA,NA,NA,NA,NA,NA,NA,NA,NA,NA,NA,NA,NA,733,0,0,17,NA,NA
0,0,0,0,0,0,0,0,0,0,7,15,11,9,10,8,4,2,NA,NA,NA,NA,NA,NA,NA,NA,NA,NA,NA,NA,NA,NA,NA,NA,734,0,0,66,NA,NA
0,0,0,0,0,0,0,0,0,0,3,5,4,8,4,3,3,0,NA,NA,NA,NA,NA,NA,NA,NA,NA,NA,NA,NA,NA,NA,NA,NA,735,0,0,30,NA,NA
0,0,1,0,0,0,0,0,0,0,9,12,10,15,11,6,7,0,NA,NA,NA,NA,NA,NA,NA,NA,NA,NA,NA,NA,NA,NA,NA,NA,736,1,0,70,NA,NA
0,0,0,1,0,0,0,0,0,0,3,7,6,17,11,6,2,1,NA,NA,NA,NA,NA,NA,NA,NA,NA,NA,NA,NA,NA,NA,NA,NA,737,1,0,53,NA,NA
0,0,0,0,0,0,0,0,0,0,4,21,5,14,19,12,6,2,NA,NA,NA,NA,NA,NA,NA,NA,NA,NA,NA,NA,NA,NA,NA,NA,738,0,0,83,NA,NA
0,0,0,0,0,0,0,0,0,0,10,18,7,13,22,14,6,0,NA,NA,NA,NA,NA,NA,NA,NA,NA,NA,NA,NA,NA,NA,NA,NA,739,0,0,90,NA,NA
0,0,0,0,0,0,0,0,0,0,7,8,0,6,10,7,1,1,NA,NA,NA,NA,NA,NA,NA,NA,NA,NA,NA,NA,NA,NA,NA,NA,740,0,0,40,NA,NA
0,0,0,0,0,0,0,0,0,0,8,25,14,23,13,14,7,2,NA,NA,NA,NA,NA,NA,NA,NA,NA,NA,NA,NA,NA,NA,NA,NA,741,0,0,106,NA,NA
0,0,0,0,0,0,0,0,0,0,2,9,5,10,2,5,2,1,NA,NA,NA,NA,NA,NA,NA,NA,NA,NA,NA,NA,NA,NA,NA,NA,742,0,0,36,NA,NA
0,0,0,0,0,0,0,0,0,0,5,10,8,18,16,6,3,2,NA,NA,NA,NA,NA,NA,NA,NA,NA,NA,NA,NA,NA,NA,NA,NA,743,0,0,68,NA,NA
0,0,0,0,0,0,0,0,0,0,3,9,10,20,13,6,3,1,NA,NA,NA,NA,NA,NA,NA,NA,NA,NA,NA,NA,NA,NA,NA,NA,744,0,0,65,NA,NA
0,0,0,0,0,0,0,0,0,0,1,6,8,10,21,16,4,2,NA,NA,NA,NA,NA,NA,NA,NA,NA,NA,NA,NA,NA,NA,NA,NA,745,0,0,68,NA,NA
0,0,0,0,0,0,0,0,0,0,2,8,8,10,9,6,4,3,NA,NA,NA,NA,NA,NA,NA,NA,NA,NA,NA,NA,NA,NA,NA,NA,746,0,0,50,NA,NA
0,0,0,0,0,0,0,0,0,0,2,9,6,10,8,4,4,3,NA,NA,NA,NA,NA,NA,NA,NA,NA,NA,NA,NA,NA,NA,NA,NA,747,0,0,46,NA,NA
0,0,0,0,0,0,0,0,0,0,13,12,14,24,20,15,3,2,NA,NA,NA,NA,NA,NA,NA,NA,NA,NA,NA,NA,NA,NA,NA,NA,748,0,0,103,NA,NA
1,0,0,0,0,0,0,0,0,0,1,11,7,9,9,7,4,0,NA,NA,NA,NA,NA,NA,NA,NA,NA,NA,NA,NA,NA,NA,NA,NA,749,1,0,48,NA,NA
0,0,0,0,0,0,0,0,0,0,0,15,8,15,13,9,2,2,NA,NA,NA,NA,NA,NA,NA,NA,NA,NA,NA,NA,NA,NA,NA,NA,750,0,0,64,NA,NA
0,0,0,0,0,0,0,0,0,0,3,5,8,14,10,7,6,0,NA,NA,NA,NA,NA,NA,NA,NA,NA,NA,NA,NA,NA,NA,NA,NA,751,0,0,53,NA,NA
0,0,0,0,0,0,0,0,0,0,0,9,8,17,13,7,3,3,NA,NA,NA,NA,NA,NA,NA,NA,NA,NA,NA,NA,NA,NA,NA,NA,752,0,0,60,NA,NA
0,0,0,0,0,0,0,0,0,0,3,6,6,10,9,7,2,2,NA,NA,NA,NA,NA,NA,NA,NA,NA,NA,NA,NA,NA,NA,NA,NA,753,0,0,45,NA,NA
0,0,0,0,0,0,0,0,0,0,0,4,2,1,3,3,4,1,NA,NA,NA,NA,NA,NA,NA,NA,NA,NA,NA,NA,NA,NA,NA,NA,754,0,0,18,NA,NA
0,0,0,1,0,0,0,0,0,0,7,32,26,26,16,12,5,2,NA,NA,NA,NA,NA,NA,NA,NA,NA,NA,NA,NA,NA,NA,NA,NA,755,1,0,126,NA,NA
0,0,0,0,0,0,0,0,0,0,8,23,18,29,17,13,10,1,NA,NA,NA,NA,NA,NA,NA,NA,NA,NA,NA,NA,NA,NA,NA,NA,756,0,0,119,NA,NA
0,0,0,0,0,0,0,0,0,0,7,42,20,24,19,21,2,3,NA,NA,NA,NA,NA,NA,NA,NA,NA,NA,NA,NA,NA,NA,NA,NA,757,0,0,138,NA,NA
0,0,0,0,0,0,0,0,0,0,5,36,25,41,23,20,7,2,NA,NA,NA,NA,NA,NA,NA,NA,NA,NA,NA,NA,NA,NA,NA,NA,758,0,0,159,NA,NA
0,0,0,0,0,0,0,0,0,0,2,31,39,36,23,21,5,4,NA,NA,NA,NA,NA,NA,NA,NA,NA,NA,NA,NA,NA,NA,NA,NA,759,0,0,161,NA,NA
0,0,0,0,0,0,0,0,0,0,3,20,17,29,24,15,7,6,NA,NA,NA,NA,NA,NA,NA,NA,NA,NA,NA,NA,NA,NA,NA,NA,760,0,0,121,NA,NA
0,0,0,0,1,0,0,0,0,0,0,12,15,16,8,5,6,1,NA,NA,NA,NA,NA,NA,NA,NA,NA,NA,NA,NA,NA,NA,NA,NA,761,1,0,63,NA,NA
1,0,0,1,0,0,0,0,0,0,9,109,77,119,89,49,16,6,NA,NA,NA,NA,NA,NA,NA,NA,NA,NA,NA,NA,NA,NA,NA,NA,762,2,0,474,NA,NA
0,0,0,0,0,0,0,0,0,0,14,113,93,80,80,60,16,9,NA,NA,NA,NA,NA,NA,NA,NA,NA,NA,NA,NA,NA,NA,NA,NA,763,0,0,465,NA,NA
1,0,0,0,0,0,0,0,0,0,20,100,105,107,109,51,20,3,NA,NA,NA,NA,NA,NA,NA,NA,NA,NA,NA,NA,NA,NA,NA,NA,764,1,0,515,NA,NA
1,0,0,0,2,0,0,0,0,0,28,122,93,127,97,64,21,9,NA,NA,NA,NA,NA,NA,NA,NA,NA,NA,NA,NA,NA,NA,NA,NA,765,3,0,561,NA,NA
0,0,0,0,3,0,0,0,0,0,28,99,69,113,103,61,21,22,NA,NA,NA,NA,NA,NA,NA,NA,NA,NA,NA,NA,NA,NA,NA,NA,766,3,0,516,NA,NA
1,0,0,0,0,0,0,0,0,1,14,71,65,64,66,45,14,8,NA,NA,NA,NA,NA,NA,NA,NA,NA,NA,NA,NA,NA,NA,NA,NA,767,1,1,347,NA,NA
1,0,0,0,0,0,0,0,0,0,8,36,21,50,38,23,10,9,NA,NA,NA,NA,NA,NA,NA,NA,NA,NA,NA,NA,NA,NA,NA,NA,768,1,0,195,NA,NA
1,0,1,1,1,0,0,0,0,0,66,294,201,337,269,163,67,32,NA,NA,NA,NA,NA,NA,NA,NA,NA,NA,NA,NA,NA,NA,NA,NA,769,4,0,1429,NA,NA
2,0,1,1,0,0,0,0,0,0,60,253,178,240,225,130,53,29,NA,NA,NA,NA,NA,NA,NA,NA,NA,NA,NA,NA,NA,NA,NA,NA,770,4,0,1168,NA,NA
1,0,2,0,3,0,0,0,0,0,58,208,180,250,173,117,55,30,NA,NA,NA,NA,NA,NA,NA,NA,NA,NA,NA,NA,NA,NA,NA,NA,771,6,0,1071,NA,NA
1,1,0,1,2,0,0,0,0,1,65,180,174,223,186,113,56,39,NA,NA,NA,NA,NA,NA,NA,NA,NA,NA,NA,NA,NA,NA,NA,NA,772,5,1,1036,NA,NA
1,0,0,0,1,0,0,0,0,1,43,160,116,193,173,123,73,28,NA,NA,NA,NA,NA,NA,NA,NA,NA,NA,NA,NA,NA,NA,NA,NA,773,2,1,909,NA,NA
0,0,0,0,2,0,0,0,0,0,36,98,80,131,88,88,35,29,NA,NA,NA,NA,NA,NA,NA,NA,NA,NA,NA,NA,NA,NA,NA,NA,774,2,0,585,NA,NA
1,0,0,0,0,0,0,0,0,0,11,42,48,70,63,39,16,8,NA,NA,NA,NA,NA,NA,NA,NA,NA,NA,NA,NA,NA,NA,NA,NA,775,1,0,297,NA,NA
0,1,1,1,2,0,0,0,0,0,79,287,204,383,352,266,98,59,NA,NA,NA,NA,NA,NA,NA,NA,NA,NA,NA,NA,NA,NA,NA,NA,776,5,0,1728,NA,NA
0,1,2,1,1,0,0,0,0,0,52,194,171,252,198,142,81,43,NA,NA,NA,NA,NA,NA,NA,NA,NA,NA,NA,NA,NA,NA,NA,NA,777,5,0,1133,NA,NA
0,0,0,2,0,0,0,0,0,0,43,166,144,193,166,146,75,46,NA,NA,NA,NA,NA,NA,NA,NA,NA,NA,NA,NA,NA,NA,NA,NA,778,2,0,979,NA,NA
0,1,0,1,0,0,0,0,0,0,33,148,113,169,168,124,66,52,NA,NA,NA,NA,NA,NA,NA,NA,NA,NA,NA,NA,NA,NA,NA,NA,779,2,0,873,NA,NA
0,0,0,0,0,0,0,0,0,0,20,89,119,171,130,99,73,36,NA,NA,NA,NA,NA,NA,NA,NA,NA,NA,NA,NA,NA,NA,NA,NA,780,0,0,737,NA,NA
0,0,0,0,1,0,0,0,0,0,16,39,43,79,84,65,33,36,NA,NA,NA,NA,NA,NA,NA,NA,NA,NA,NA,NA,NA,NA,NA,NA,781,1,0,395,NA,NA
0,1,0,0,2,0,0,0,0,0,6,13,14,32,28,25,8,8,NA,NA,NA,NA,NA,NA,NA,NA,NA,NA,NA,NA,NA,NA,NA,NA,782,3,0,134,NA,NA
1,0,1,2,0,0,0,0,0,1,22,76,144,251,217,144,80,46,NA,NA,NA,NA,NA,NA,NA,NA,NA,NA,NA,NA,NA,NA,NA,NA,783,4,1,980,NA,NA
0,0,0,0,5,0,0,0,0,0,18,47,108,153,111,95,51,37,NA,NA,NA,NA,NA,NA,NA,NA,NA,NA,NA,NA,NA,NA,NA,NA,784,5,0,620,NA,NA
1,0,0,1,1,0,0,0,0,0,12,46,75,103,115,80,42,32,NA,NA,NA,NA,NA,NA,NA,NA,NA,NA,NA,NA,NA,NA,NA,NA,785,3,0,505,NA,NA
0,0,0,0,0,0,0,0,0,1,13,46,65,99,82,74,50,25,NA,NA,NA,NA,NA,NA,NA,NA,NA,NA,NA,NA,NA,NA,NA,NA,786,0,1,454,NA,NA
0,0,1,0,2,0,0,1,0,0,23,39,48,71,69,58,38,24,NA,NA,NA,NA,NA,NA,NA,NA,NA,NA,NA,NA,NA,NA,NA,NA,787,3,1,370,NA,NA
0,0,0,0,0,0,0,0,0,0,7,29,30,37,55,41,29,7,NA,NA,NA,NA,NA,NA,NA,NA,NA,NA,NA,NA,NA,NA,NA,NA,788,0,0,235,NA,NA
0,0,0,0,1,0,1,0,0,0,4,11,13,31,22,15,11,8,NA,NA,NA,NA,NA,NA,NA,NA,NA,NA,NA,NA,NA,NA,NA,NA,789,1,1,115,NA,NA
0,0,0,1,1,0,0,0,0,0,52,64,98,150,121,84,37,30,NA,NA,NA,NA,NA,NA,NA,NA,NA,NA,NA,NA,NA,NA,NA,NA,790,2,0,636,NA,NA
0,0,0,0,2,1,0,0,0,0,35,53,65,87,53,69,40,28,NA,NA,NA,NA,NA,NA,NA,NA,NA,NA,NA,NA,NA,NA,NA,NA,791,2,1,430,NA,NA
0,1,0,0,2,0,0,0,0,1,21,32,53,54,56,50,28,22,NA,NA,NA,NA,NA,NA,NA,NA,NA,NA,NA,NA,NA,NA,NA,NA,792,3,1,316,NA,NA
1,0,0,0,1,0,0,0,0,0,28,26,40,58,51,35,18,22,NA,NA,NA,NA,NA,NA,NA,NA,NA,NA,NA,NA,NA,NA,NA,NA,793,2,0,278,NA,NA
0,0,1,0,1,0,0,0,0,0,25,33,27,64,40,38,20,17,NA,NA,NA,NA,NA,NA,NA,NA,NA,NA,NA,NA,NA,NA,NA,NA,794,2,0,264,NA,NA
0,0,0,0,0,0,0,0,0,0,5,10,10,12,19,9,18,11,NA,NA,NA,NA,NA,NA,NA,NA,NA,NA,NA,NA,NA,NA,NA,NA,795,0,0,94,NA,NA
0,0,0,0,0,0,0,0,0,0,7,5,9,10,12,8,5,8,NA,NA,NA,NA,NA,NA,NA,NA,NA,NA,NA,NA,NA,NA,NA,NA,796,0,0,64,NA,NA
0,0,0,0,0,0,0,0,0,0,34,60,53,93,63,45,18,10,NA,NA,NA,NA,NA,NA,NA,NA,NA,NA,NA,NA,NA,NA,NA,NA,797,0,0,376,NA,NA
0,0,0,1,5,0,0,0,0,0,19,36,31,41,42,33,8,18,NA,NA,NA,NA,NA,NA,NA,NA,NA,NA,NA,NA,NA,NA,NA,NA,798,6,0,228,NA,NA
1,0,0,0,0,0,0,0,1,0,19,35,25,52,22,22,10,5,NA,NA,NA,NA,NA,NA,NA,NA,NA,NA,NA,NA,NA,NA,NA,NA,799,1,1,190,NA,NA
0,0,0,1,0,0,0,0,0,0,22,23,26,27,16,25,21,8,NA,NA,NA,NA,NA,NA,NA,NA,NA,NA,NA,NA,NA,NA,NA,NA,800,1,0,168,NA,NA
0,0,0,0,1,0,0,0,0,0,12,25,15,18,23,25,13,4,NA,NA,NA,NA,NA,NA,NA,NA,NA,NA,NA,NA,NA,NA,NA,NA,801,1,0,135,NA,NA
0,0,0,0,0,0,0,0,0,0,6,12,9,17,12,12,4,2,NA,NA,NA,NA,NA,NA,NA,NA,NA,NA,NA,NA,NA,NA,NA,NA,802,0,0,74,NA,NA
0,0,0,0,0,0,0,0,0,0,6,7,8,9,7,2,4,3,NA,NA,NA,NA,NA,NA,NA,NA,NA,NA,NA,NA,NA,NA,NA,NA,803,0,0,46,NA,NA
0,0,0,0,0,0,0,0,0,0,20,37,34,53,43,30,20,4,NA,NA,NA,NA,NA,NA,NA,NA,NA,NA,NA,NA,NA,NA,NA,NA,804,0,0,241,NA,NA
0,0,0,0,0,0,0,0,0,0,11,19,12,21,21,16,13,8,NA,NA,NA,NA,NA,NA,NA,NA,NA,NA,NA,NA,NA,NA,NA,NA,805,0,0,121,NA,NA
0,0,1,1,0,0,0,0,0,0,8,16,15,15,21,12,7,5,NA,NA,NA,NA,NA,NA,NA,NA,NA,NA,NA,NA,NA,NA,NA,NA,806,2,0,99,NA,NA
1,0,0,0,0,0,0,0,0,0,8,14,7,21,19,14,7,8,NA,NA,NA,NA,NA,NA,NA,NA,NA,NA,NA,NA,NA,NA,NA,NA,807,1,0,98,NA,NA
0,0,0,0,1,0,0,0,0,0,11,11,7,13,16,14,13,9,NA,NA,NA,NA,NA,NA,NA,NA,NA,NA,NA,NA,NA,NA,NA,NA,808,1,0,94,NA,NA
1,0,0,0,0,0,0,0,0,1,4,3,0,7,7,6,0,4,NA,NA,NA,NA,NA,NA,NA,NA,NA,NA,NA,NA,NA,NA,NA,NA,809,1,1,31,NA,NA
0,0,1,0,1,0,0,0,0,0,0,1,1,3,2,17,5,7,NA,NA,NA,NA,NA,NA,NA,NA,NA,NA,NA,NA,NA,NA,NA,NA,810,2,0,36,NA,NA
0,0,1,0,1,0,0,0,0,0,10,22,24,31,31,33,17,12,NA,NA,NA,NA,NA,NA,NA,NA,NA,NA,NA,NA,NA,NA,NA,NA,811,2,0,180,NA,NA
0,0,0,0,0,0,0,0,0,0,10,12,10,11,13,10,6,7,NA,NA,NA,NA,NA,NA,NA,NA,NA,NA,NA,NA,NA,NA,NA,NA,812,0,0,79,NA,NA
0,0,0,1,0,0,0,0,0,0,5,9,8,13,15,15,6,9,NA,NA,NA,NA,NA,NA,NA,NA,NA,NA,NA,NA,NA,NA,NA,NA,813,1,0,80,NA,NA
0,0,0,0,0,0,0,0,0,0,6,6,10,12,4,12,4,10,NA,NA,NA,NA,NA,NA,NA,NA,NA,NA,NA,NA,NA,NA,NA,NA,814,0,0,64,NA,NA
0,0,1,0,0,0,0,0,0,0,0,8,3,11,15,12,14,2,NA,NA,NA,NA,NA,NA,NA,NA,NA,NA,NA,NA,NA,NA,NA,NA,815,1,0,65,NA,NA
0,0,0,0,0,0,0,0,0,0,1,4,2,2,7,7,8,4,NA,NA,NA,NA,NA,NA,NA,NA,NA,NA,NA,NA,NA,NA,NA,NA,816,0,0,35,NA,NA
0,0,0,0,0,0,0,0,0,0,0,0,3,0,6,4,4,4,NA,NA,NA,NA,NA,NA,NA,NA,NA,NA,NA,NA,NA,NA,NA,NA,817,0,0,21,NA,NA
1,0,0,1,1,0,0,0,0,0,12,5,8,14,15,14,14,7,NA,NA,NA,NA,NA,NA,NA,NA,NA,NA,NA,NA,NA,NA,NA,NA,818,3,0,89,NA,NA
0,0,0,0,0,0,0,0,0,0,4,4,4,5,13,11,6,2,NA,NA,NA,NA,NA,NA,NA,NA,NA,NA,NA,NA,NA,NA,NA,NA,819,0,0,49,NA,NA
1,0,0,0,0,0,0,0,0,0,2,7,13,8,12,8,6,7,NA,NA,NA,NA,NA,NA,NA,NA,NA,NA,NA,NA,NA,NA,NA,NA,820,1,0,63,NA,NA
0,0,0,0,0,0,0,0,0,0,1,1,0,7,3,4,5,5,NA,NA,NA,NA,NA,NA,NA,NA,NA,NA,NA,NA,NA,NA,NA,NA,821,0,0,26,NA,NA
0,0,0,0,0,0,0,0,1,0,2,1,2,5,9,5,3,4,NA,NA,NA,NA,NA,NA,NA,NA,NA,NA,NA,NA,NA,NA,NA,NA,822,0,1,31,NA,NA
0,0,0,1,0,0,0,0,0,0,0,0,0,4,1,3,0,8,NA,NA,NA,NA,NA,NA,NA,NA,NA,NA,NA,NA,NA,NA,NA,NA,823,1,0,16,NA,NA
0,0,0,0,0,0,0,0,0,0,1,0,0,4,1,0,4,3,NA,NA,NA,NA,NA,NA,NA,NA,NA,NA,NA,NA,NA,NA,NA,NA,824,0,0,13,NA,NA
0,0,0,0,0,0,0,0,0,0,1,6,4,5,7,6,3,3,NA,NA,NA,NA,NA,NA,NA,NA,NA,NA,NA,NA,NA,NA,NA,NA,825,0,0,35,NA,NA
1,0,0,0,1,0,0,0,0,0,2,2,0,3,6,3,0,3,NA,NA,NA,NA,NA,NA,NA,NA,NA,NA,NA,NA,NA,NA,NA,NA,826,2,0,19,NA,NA
0,0,0,0,0,0,0,0,0,0,0,0,1,6,4,5,3,2,NA,NA,NA,NA,NA,NA,NA,NA,NA,NA,NA,NA,NA,NA,NA,NA,827,0,0,21,NA,NA
0,0,0,0,1,0,0,0,0,0,0,2,3,4,5,5,4,1,NA,NA,NA,NA,NA,NA,NA,NA,NA,NA,NA,NA,NA,NA,NA,NA,828,1,0,24,NA,NA
0,0,0,0,0,0,0,0,0,0,0,1,2,5,0,1,7,0,NA,NA,NA,NA,NA,NA,NA,NA,NA,NA,NA,NA,NA,NA,NA,NA,829,0,0,16,NA,NA
0,0,0,0,0,0,0,0,0,0,1,0,1,1,2,1,2,0,NA,NA,NA,NA,NA,NA,NA,NA,NA,NA,NA,NA,NA,NA,NA,NA,830,0,0,8,NA,NA
0,0,0,0,0,0,0,0,0,0,0,0,1,1,0,0,0,1,NA,NA,NA,NA,NA,NA,NA,NA,NA,NA,NA,NA,NA,NA,NA,NA,831,0,0,3,NA,NA
0,0,0,0,0,0,0,0,0,0,1,0,3,2,0,5,5,2,NA,NA,NA,NA,NA,NA,NA,NA,NA,NA,NA,NA,NA,NA,NA,NA,832,0,0,18,NA,NA
0,0,0,0,1,0,0,0,0,0,0,0,0,0,1,2,1,4,NA,NA,NA,NA,NA,NA,NA,NA,NA,NA,NA,NA,NA,NA,NA,NA,833,1,0,8,NA,NA
0,0,0,0,0,0,0,0,0,0,1,0,0,6,2,1,0,2,NA,NA,NA,NA,NA,NA,NA,NA,NA,NA,NA,NA,NA,NA,NA,NA,834,0,0,12,NA,NA
0,0,0,0,0,0,0,0,0,0,0,3,1,4,6,2,5,4,NA,NA,NA,NA,NA,NA,NA,NA,NA,NA,NA,NA,NA,NA,NA,NA,835,0,0,25,NA,NA
0,0,0,0,0,0,0,0,0,0,0,1,1,1,0,2,3,1,NA,NA,NA,NA,NA,NA,NA,NA,NA,NA,NA,NA,NA,NA,NA,NA,836,0,0,9,NA,NA
0,0,0,0,0,0,0,0,0,0,0,0,1,1,0,6,4,2,NA,NA,NA,NA,NA,NA,NA,NA,NA,NA,NA,NA,NA,NA,NA,NA,837,0,0,14,NA,NA
0,0,0,0,0,0,0,0,0,0,0,0,1,0,1,4,2,3,NA,NA,NA,NA,NA,NA,NA,NA,NA,NA,NA,NA,NA,NA,NA,NA,838,0,0,11,NA,NA
0,0,0,0,0,0,0,0,0,0,0,1,1,4,0,3,0,2,NA,NA,NA,NA,NA,NA,NA,NA,NA,NA,NA,NA,NA,NA,NA,NA,839,0,0,11,NA,NA
0,0,0,0,0,0,0,0,0,0,1,1,0,4,2,1,1,2,NA,NA,NA,NA,NA,NA,NA,NA,NA,NA,NA,NA,NA,NA,NA,NA,840,0,0,12,NA,NA
0,0,0,0,0,0,0,0,0,0,3,0,0,4,1,4,1,1,NA,NA,NA,NA,NA,NA,NA,NA,NA,NA,NA,NA,NA,NA,NA,NA,841,0,0,14,NA,NA
0,0,0,0,0,0,0,0,0,0,0,0,0,0,0,0,1,1,NA,NA,NA,NA,NA,NA,NA,NA,NA,NA,NA,NA,NA,NA,NA,NA,842,0,0,2,NA,NA
1,0,0,0,0,0,0,0,0,0,NA,NA,NA,NA,NA,NA,NA,NA,NA,NA,NA,NA,NA,NA,NA,NA,NA,NA,NA,NA,NA,NA,NA,NA,843,1,0,NA,NA,NA
0,0,0,0,0,0,0,0,0,0,NA,NA,NA,NA,NA,NA,NA,NA,NA,NA,NA,NA,NA,NA,NA,NA,NA,NA,NA,NA,NA,NA,NA,NA,844,0,0,NA,NA,NA
0,0,0,0,0,0,0,0,0,0,NA,NA,NA,NA,NA,NA,NA,NA,NA,NA,NA,NA,NA,NA,NA,NA,NA,NA,NA,NA,NA,NA,NA,NA,845,0,0,NA,NA,NA
0,0,0,0,0,0,0,0,0,0,NA,NA,NA,NA,NA,NA,NA,NA,NA,NA,NA,NA,NA,NA,NA,NA,NA,NA,NA,NA,NA,NA,NA,NA,846,0,0,NA,NA,NA
0,0,0,0,0,0,0,0,0,0,NA,NA,NA,NA,NA,NA,NA,NA,NA,NA,NA,NA,NA,NA,NA,NA,NA,NA,NA,NA,NA,NA,NA,NA,847,0,0,NA,NA,NA
1,0,0,0,0,0,0,0,0,0,NA,NA,NA,NA,NA,NA,NA,NA,NA,NA,NA,NA,NA,NA,NA,NA,NA,NA,NA,NA,NA,NA,NA,NA,848,1,0,NA,NA,NA
0,0,0,0,0,0,0,0,0,0,NA,NA,NA,NA,NA,NA,NA,NA,NA,NA,NA,NA,NA,NA,NA,NA,NA,NA,NA,NA,NA,NA,NA,NA,849,0,0,NA,NA,NA
0,0,0,0,0,0,0,0,0,0,NA,NA,NA,NA,NA,NA,NA,NA,NA,NA,NA,NA,NA,NA,NA,NA,NA,NA,NA,NA,NA,NA,NA,NA,850,0,0,NA,NA,NA
0,0,0,0,0,0,0,0,0,0,NA,NA,NA,NA,NA,NA,NA,NA,NA,NA,NA,NA,NA,NA,NA,NA,NA,NA,NA,NA,NA,NA,NA,NA,851,0,0,NA,NA,NA
0,0,0,0,0,0,0,0,0,0,NA,NA,NA,NA,NA,NA,NA,NA,NA,NA,NA,NA,NA,NA,NA,NA,NA,NA,NA,NA,NA,NA,NA,NA,852,0,0,NA,NA,NA
0,0,0,0,0,0,0,0,0,0,NA,NA,NA,NA,NA,NA,NA,NA,NA,NA,NA,NA,NA,NA,NA,NA,NA,NA,NA,NA,NA,NA,NA,NA,853,0,0,NA,NA,NA
0,0,0,0,0,0,0,0,0,0,NA,NA,NA,NA,NA,NA,NA,NA,NA,NA,NA,NA,NA,NA,NA,NA,NA,NA,NA,NA,NA,NA,NA,NA,854,0,0,NA,NA,NA
0,0,0,0,0,0,0,0,0,0,NA,NA,NA,NA,NA,NA,NA,NA,NA,NA,NA,NA,NA,NA,NA,NA,NA,NA,NA,NA,NA,NA,NA,NA,855,0,0,NA,NA,NA
1,0,0,0,0,0,0,0,0,0,NA,NA,NA,NA,NA,NA,NA,NA,NA,NA,NA,NA,NA,NA,NA,NA,NA,NA,NA,NA,NA,NA,NA,NA,856,1,0,NA,NA,NA
NA,NA,NA,NA,NA,1,0,0,0,0,NA,NA,NA,NA,NA,NA,NA,NA,NA,NA,NA,NA,NA,NA,NA,NA,NA,NA,NA,NA,NA,NA,NA,NA,857,NA,1,NA,NA,NA
